avatar_id,avatar_name,gender,preview_image_url,preview_video_url
nik_expressive_20240910,Nik in Black Shirt,male,https://files2.heygen.ai/avatar/v3/Nik_Black_3_0_20240910/preview_target.webp,https://files2.heygen.ai/avatar/v3/Nik_Black_3_0_20240910/preview_target.mp4
nik_blue_expressive_20240910,Nik in Blue Sweater,male,https://files2.heygen.ai/avatar/v3/Nik_Blue_3_0_20240910/preview_target.webp,https://files2.heygen.ai/avatar/v3/Nik_Blue_3_0_20240910/preview_target.mp4
francis_expressive_20240910,Francis in Blazer (Upper Body),male,https://files2.heygen.ai/avatar/v3/Francis_in_Blazer_Front_3_0_20240910/preview_target.webp,https://files2.heygen.ai/avatar/v3/Francis_in_Blazer_Front_3_0_20240910/preview_target.mp4
chad_expressive_20240910,Chad in Blue Shirt (Upper Body),male,https://files2.heygen.ai/avatar/v3/Chad_in_Blue_Shirt_Front_3_0_20240910/preview_target.webp,https://files2.heygen.ai/avatar/v3/Chad_in_Blue_Shirt_Front_3_0_20240910/preview_target.mp4
candace_expressive_20240910,Candace in Pink Blazer (Upper Body),female,https://files2.heygen.ai/avatar/v3/Candace_Pink_Blazer_Front_3_0_20240910/preview_target.webp,https://files2.heygen.ai/avatar/v3/Candace_Pink_Blazer_Front_3_0_20240910/preview_target.mp4
Abigail_standing_office_front,Abigail Office Front,female,https://files2.heygen.ai/avatar/v3/463208b6cad140d2b263535826838e3a_39240/preview_target.webp,https://files2.heygen.ai/avatar/v3/463208b6cad140d2b263535826838e3a_39240/preview_video_target.mp4
Abigail_standing_office_side,Abigail Office Side,female,https://files2.heygen.ai/avatar/v3/9886d46db7f24260bb219c756ca0d759_39250/preview_target.webp,https://files2.heygen.ai/avatar/v3/9886d46db7f24260bb219c756ca0d759_39250/preview_video_target.mp4
Abigail_sitting_sofa_front,Abigail Sofa Front,female,https://files2.heygen.ai/avatar/v3/cfdab85e050048d2abc901bf882c89a7_39220/preview_target.webp,https://files2.heygen.ai/avatar/v3/cfdab85e050048d2abc901bf882c89a7_39220/preview_video_target.mp4
Abigail_sitting_sofa_side,Abigail Sofa Side,female,https://files2.heygen.ai/avatar/v3/e5e2683161894616b4cdf73d4f6ed6ea_39230/preview_target.webp,https://files2.heygen.ai/avatar/v3/e5e2683161894616b4cdf73d4f6ed6ea_39230/preview_video_target.mp4
Amanda_in_Blue_Shirt_Front,Amanda in Blue Shirt (Front),female,https://files2.heygen.ai/avatar/v3/74982c18df0f43fbbf304133b49b2170_35020/preview_target.webp,https://files2.heygen.ai/avatar/v3/74982c18df0f43fbbf304133b49b2170_35020/preview_video_target.mp4
Amanda_in_Blue_Shirt_Left,Amanda in Blue Shirt (Left),female,https://files2.heygen.ai/avatar/v3/df3a17e47a5c4cada4199c4bab4b4cff_35030/preview_target.webp,https://files2.heygen.ai/avatar/v3/df3a17e47a5c4cada4199c4bab4b4cff_35030/preview_video_target.mp4
Amanda_in_Blue_Shirt_Right,Amanda in Blue Shirt (Right),female,https://files2.heygen.ai/avatar/v3/912f2e54677a4f29b1dc877d20e3ce49_35040/preview_target.webp,https://files2.heygen.ai/avatar/v3/912f2e54677a4f29b1dc877d20e3ce49_35040/preview_video_target.mp4
Amelia_sitting_business_training_front,Amelia Business Training Front 2,female,https://files2.heygen.ai/avatar/v3/0233ba6aea01411ab07ddafbf97886f2_39260/preview_talk_2.webp,https://files2.heygen.ai/avatar/v3/0233ba6aea01411ab07ddafbf97886f2_39260/preview_video_talk_2.mp4
Amelia_standing_business_training_front,Amelia Business Training Front,female,https://files2.heygen.ai/avatar/v3/20cf0b98ae164abdb4a814dab98e69ca_39260/preview_talk_3.webp,https://files2.heygen.ai/avatar/v3/20cf0b98ae164abdb4a814dab98e69ca_39260/preview_video_talk_3.mp4
Amelia_sitting_business_training_side,Amelia Business Training Side 2,female,https://files2.heygen.ai/avatar/v3/af703fd4f280409c87ba7d5376ca8cb3_39270/preview_talk_3.webp,https://files2.heygen.ai/avatar/v3/af703fd4f280409c87ba7d5376ca8cb3_39270/preview_video_talk_3.mp4
Amelia_standing_business_training_side,Amelia Business Training Side,female,https://files2.heygen.ai/avatar/v3/16741476b7a549288bfefdf05ed8aa5d_39270/preview_talk_4.webp,https://files2.heygen.ai/avatar/v3/16741476b7a549288bfefdf05ed8aa5d_39270/preview_video_talk_4.mp4
Amelia_lying_lounge_front,Amelia Lounge Front 2,female,https://files2.heygen.ai/avatar/v3/d684929e24d545de9fd98ae031541265_39260/preview_talk_5.webp,https://files2.heygen.ai/avatar/v3/d684929e24d545de9fd98ae031541265_39260/preview_video_talk_5.mp4
Amelia_standing_lounge_front,Amelia Lounge Front,female,https://files2.heygen.ai/avatar/v3/5e0c02e028214c5d83a8fb6f93d8af8b_39260/preview_talk_4.webp,https://files2.heygen.ai/avatar/v3/5e0c02e028214c5d83a8fb6f93d8af8b_39260/preview_video_talk_4.mp4
Amelia_lying_lounge_side,Amelia Lounge Side 2,female,https://files2.heygen.ai/avatar/v3/373b306eb011498f86f1b02803baf9d9_39280/preview_target.webp,https://files2.heygen.ai/avatar/v3/373b306eb011498f86f1b02803baf9d9_39280/preview_video_target.mp4
Amelia_standing_lounge_side,Amelia Lounge Side,female,https://files2.heygen.ai/avatar/v3/a3a8835d393646f3af4154c470440004_39270/preview_target.webp,https://files2.heygen.ai/avatar/v3/a3a8835d393646f3af4154c470440004_39270/preview_video_target.mp4
Amelia_sitting_yoga_front,Amelia Yoga Front 2,female,https://files2.heygen.ai/avatar/v3/dea59fe8a4d34fb9a28bb24b30424fd3_39260/preview_talk_1.webp,https://files2.heygen.ai/avatar/v3/dea59fe8a4d34fb9a28bb24b30424fd3_39260/preview_video_talk_1.mp4
Amelia_standing_yoga_front,Amelia Yoga Front,female,https://files2.heygen.ai/avatar/v3/1f58c0f60faa4cb5bf6c465615e3fb18_39260/preview_target.webp,https://files2.heygen.ai/avatar/v3/1f58c0f60faa4cb5bf6c465615e3fb18_39260/preview_video_target.mp4
Amelia_sitting_yoga_side,Amelia Yoga Side 2,female,https://files2.heygen.ai/avatar/v3/2f6cd925494e4bafa15aec123bda28f0_39270/preview_talk_2.webp,https://files2.heygen.ai/avatar/v3/2f6cd925494e4bafa15aec123bda28f0_39270/preview_video_talk_2.mp4
Amelia_standing_yoga_side,Amelia Yoga Side,female,https://files2.heygen.ai/avatar/v3/b047b9088c09438a997a62ba0f06750e_39270/preview_talk_1.webp,https://files2.heygen.ai/avatar/v3/b047b9088c09438a997a62ba0f06750e_39270/preview_video_talk_1.mp4
Amy_standing_outdoor_front,Amy Outdoor Front,female,https://files2.heygen.ai/avatar/v3/d1686261ff904a379b032b8f41ed0628_37480/preview_talk_1.webp,https://files2.heygen.ai/avatar/v3/d1686261ff904a379b032b8f41ed0628_37480/preview_video_talk_1.mp4
Amy_standing_outdoor_side,Amy Outdoor Side,female,https://files2.heygen.ai/avatar/v3/fc4d76cc1a894dd3af35ccdf46ae3219_37490/preview_talk_1.webp,https://files2.heygen.ai/avatar/v3/fc4d76cc1a894dd3af35ccdf46ae3219_37490/preview_video_talk_1.mp4
Amy_sitting_sofa_front,Amy Sofa Front 2,female,https://files2.heygen.ai/avatar/v3/0150899ce4b34efeb7d1d103c1048414_37480/preview_target.webp,https://files2.heygen.ai/avatar/v3/0150899ce4b34efeb7d1d103c1048414_37480/preview_video_target.mp4
Amy_standing_sofa_front,Amy Sofa Front,female,https://files2.heygen.ai/avatar/v3/bc5e4c3817334bb7a8f85e1aece8d7a9_37480/preview_talk_2.webp,https://files2.heygen.ai/avatar/v3/bc5e4c3817334bb7a8f85e1aece8d7a9_37480/preview_video_talk_2.mp4
Amy_sitting_sofa_side,Amy Sofa Side 2,female,https://files2.heygen.ai/avatar/v3/2d45fa08de4b44cbb32c5c54d1bd8548_37490/preview_target.webp,https://files2.heygen.ai/avatar/v3/2d45fa08de4b44cbb32c5c54d1bd8548_37490/preview_video_target.mp4
Amy_standing_sofa_side,Amy Sofa Side,female,https://files2.heygen.ai/avatar/v3/cca66f3ac6fe48c6972b375692466ecc_37490/preview_talk_2.webp,https://files2.heygen.ai/avatar/v3/cca66f3ac6fe48c6972b375692466ecc_37490/preview_video_talk_2.mp4
Anja_standing_office_front,Anja Office Front,female,https://files2.heygen.ai/avatar/v3/f66130157ead439eb05bcf63b0469163_37110/preview_target.webp,https://files2.heygen.ai/avatar/v3/f66130157ead439eb05bcf63b0469163_37110/preview_video_target.mp4
Anja_standing_office_side,Anja Office Side ,female,https://files2.heygen.ai/avatar/v3/1b9dc9ae77684964b226b74075a59e22_37170/preview_target.webp,https://files2.heygen.ai/avatar/v3/1b9dc9ae77684964b226b74075a59e22_37170/preview_video_target.mp4
Anja_sitting_sofa_front,Anja Sofa Front,female,https://files2.heygen.ai/avatar/v3/00de8c52f5884155997a643d9732e669_37110/preview_talk_3.webp,https://files2.heygen.ai/avatar/v3/00de8c52f5884155997a643d9732e669_37110/preview_video_talk_3.mp4
Anja_sitting_sofa_side,Anja Sofa Side ,female,https://files2.heygen.ai/avatar/v3/347c5bbf9a1e40bc8fc76fe89887f1b5_37180/preview_talk_1.webp,https://files2.heygen.ai/avatar/v3/347c5bbf9a1e40bc8fc76fe89887f1b5_37180/preview_video_talk_1.mp4
Armando_Casual_Front_public,Armando Casual Front,male,https://files2.heygen.ai/avatar/v3/fa717f667b7b4e41b0d7e4fd320ab080_43280/preview_talk_1.webp,https://files2.heygen.ai/avatar/v3/fa717f667b7b4e41b0d7e4fd320ab080_43280/preview_video_talk_1.mp4
Armando_Casual_Side_public,Armando Casual Side,male,https://files2.heygen.ai/avatar/v3/36dff2ade72644a4a3103341a0bfe7d5_43290/preview_talk_2.webp,https://files2.heygen.ai/avatar/v3/36dff2ade72644a4a3103341a0bfe7d5_43290/preview_video_talk_2.mp4
Armando_Sweater_Front2_public,Armando Sweater Front 2,male,https://files2.heygen.ai/avatar/v3/7e412117419c468ab441a52e0db47ab6_43280/preview_talk_4.webp,https://files2.heygen.ai/avatar/v3/7e412117419c468ab441a52e0db47ab6_43280/preview_video_talk_4.mp4
Armando_Sweater_Front_public,Armando Sweater Front,male,https://files2.heygen.ai/avatar/v3/8d12122d6f83476e843394e69451c03a_43280/preview_talk_3.webp,https://files2.heygen.ai/avatar/v3/8d12122d6f83476e843394e69451c03a_43280/preview_video_talk_3.mp4
Armando_Sweater_Side2_public,Armando Sweater Side 2,male,https://files2.heygen.ai/avatar/v3/c6360c23d795460182cc96331161d74f_43290/preview_talk_4.webp,https://files2.heygen.ai/avatar/v3/c6360c23d795460182cc96331161d74f_43290/preview_video_talk_4.mp4
Armando_Sweater_Side_public,Armando Sweater Side,male,https://files2.heygen.ai/avatar/v3/6aa7211edc3048538569da077618e256_43290/preview_talk_3.webp,https://files2.heygen.ai/avatar/v3/6aa7211edc3048538569da077618e256_43290/preview_video_talk_3.mp4
Artur_standing_office_front,Artur Office Front 2,male,https://files2.heygen.ai/avatar/v3/ea847ee0ca44468fb6119d16396bf8f1_37890/preview_target.webp,https://files2.heygen.ai/avatar/v3/ea847ee0ca44468fb6119d16396bf8f1_37890/preview_video_target.mp4
Artur_sitting_office_front,Artur Office Front,male,https://files2.heygen.ai/avatar/v3/f0d69336d41f48359261cefc05678c38_37890/preview_talk_3.webp,https://files2.heygen.ai/avatar/v3/f0d69336d41f48359261cefc05678c38_37890/preview_video_talk_3.mp4
Artur_standing_office_side,Artur Office Side 2,male,https://files2.heygen.ai/avatar/v3/95cb5001e58e4ed986632d66826278cd_37900/preview_talk_1.webp,https://files2.heygen.ai/avatar/v3/95cb5001e58e4ed986632d66826278cd_37900/preview_video_talk_1.mp4
Artur_sitting_office_side,Artur Office Side,male,https://files2.heygen.ai/avatar/v3/aab51cd1942d42d6a15457516e682570_37910/preview_target.webp,https://files2.heygen.ai/avatar/v3/aab51cd1942d42d6a15457516e682570_37910/preview_video_target.mp4
Artur_standing_sofacasual_front,Artur Sofa Casual Front 2,male,https://files2.heygen.ai/avatar/v3/34590e9ed41648b997d90f8436b2b447_37890/preview_talk_2.webp,https://files2.heygen.ai/avatar/v3/34590e9ed41648b997d90f8436b2b447_37890/preview_video_talk_2.mp4
Artur_sitting_sofacasual_front,Artur Sofa Casual Front,male,https://files2.heygen.ai/avatar/v3/d97c6a964bbe4ccca11c99fe9d451618_37890/preview_talk_1.webp,https://files2.heygen.ai/avatar/v3/d97c6a964bbe4ccca11c99fe9d451618_37890/preview_video_talk_1.mp4
Artur_standing_sofacasual_side,Artur Sofa Casual Side 2,male,https://files2.heygen.ai/avatar/v3/3a119d8bef7942309046fafc809da3f3_37900/preview_target.webp,https://files2.heygen.ai/avatar/v3/3a119d8bef7942309046fafc809da3f3_37900/preview_video_target.mp4
Artur_sitting_sofacasual_side,Artur Sofa Causal Side,male,https://files2.heygen.ai/avatar/v3/37d7cd5b84d74a22bc7fc97eda3c3011_37900/preview_talk_2.webp,https://files2.heygen.ai/avatar/v3/37d7cd5b84d74a22bc7fc97eda3c3011_37900/preview_video_talk_2.mp4
Aubrey_sitting_sofa_side,Aubrey Sofa Side,female,https://files2.heygen.ai/avatar/v3/cabc74337c474348ab080ca75d55111b_39680/preview_target.webp,https://files2.heygen.ai/avatar/v3/cabc74337c474348ab080ca75d55111b_39680/preview_video_target.mp4
Aubrey_standing_night_scene_front,Aubrey Night Scene Front,female,https://files2.heygen.ai/avatar/v3/33fda333525e41b4bbff63fe17169507_39530/preview_target.webp,https://files2.heygen.ai/avatar/v3/33fda333525e41b4bbff63fe17169507_39530/preview_video_target.mp4
Aubrey_standing_outdoor_sport_front,Aubrey Outdoor Sport Front,female,https://files2.heygen.ai/avatar/v3/c4745b302cb848b7a9352ece1a6d1211_39400/preview_target.webp,https://files2.heygen.ai/avatar/v3/c4745b302cb848b7a9352ece1a6d1211_39400/preview_video_target.mp4
Aubrey_standing_outdoor_sport_side,Aubrey Outdoor Sport Side,female,https://files2.heygen.ai/avatar/v3/e18ecbc69acb465b905beb42597496dc_39500/preview_target.webp,https://files2.heygen.ai/avatar/v3/e18ecbc69acb465b905beb42597496dc_39500/preview_video_target.mp4
Aubrey_sitting_sofa_front,Aubrey Sofa Front,female,https://files2.heygen.ai/avatar/v3/21f4de0e5c484eaabc74729e0be42fb3_39570/preview_target.webp,https://files2.heygen.ai/avatar/v3/21f4de0e5c484eaabc74729e0be42fb3_39570/preview_video_target.mp4
August_Casual_Front2_public,August Casual Front 2,male,https://files2.heygen.ai/avatar/v3/7ee4b62fcfd2497592d0f7f564bad649_42700/preview_talk_1.webp,https://files2.heygen.ai/avatar/v3/7ee4b62fcfd2497592d0f7f564bad649_42700/preview_video_talk_1.mp4
August_Cool_Style_public,August Cool Style,male,https://files2.heygen.ai/avatar/v3/232789c980374dc39fc445cc2b4734ab_43140/preview_target.webp,https://files2.heygen.ai/avatar/v3/232789c980374dc39fc445cc2b4734ab_43140/preview_video_target.mp4
Bahar_Business_Sitting_Front_public,Bahar Business Sitting Front,female,https://files2.heygen.ai/avatar/v3/81bc1d34f34646c5a294b8861fb21bed_43180/preview_talk_2.webp,https://files2.heygen.ai/avatar/v3/81bc1d34f34646c5a294b8861fb21bed_43180/preview_video_talk_2.mp4
Bahar_Business_Sitting_Side_public,Bahar Business Sitting Side,female,https://files2.heygen.ai/avatar/v3/9e030e6461744e93b035a1c127d82516_43190/preview_talk_1.webp,https://files2.heygen.ai/avatar/v3/9e030e6461744e93b035a1c127d82516_43190/preview_video_talk_1.mp4
Bahar_Casual_Sitting_Front_public,Bahar Casual Sitting Front,female,https://files2.heygen.ai/avatar/v3/e9fbd6e6291044a5a74059166d17938a_43180/preview_talk_1.webp,https://files2.heygen.ai/avatar/v3/e9fbd6e6291044a5a74059166d17938a_43180/preview_video_talk_1.mp4
Bahar_Casual_Sitting_Side_public,Bahar Casual Sitting Side,female,https://files2.heygen.ai/avatar/v3/6f1c0a1b71304658bff0456a27671898_43190/preview_target.webp,https://files2.heygen.ai/avatar/v3/6f1c0a1b71304658bff0456a27671898_43190/preview_video_target.mp4
Bahar_Jacket_Casual_Front_public,Bahar Jacket Casual Front,female,https://files2.heygen.ai/avatar/v3/a806334b76254cb7b3d483c75b5eeee6_42880/preview_talk_2.webp,https://files2.heygen.ai/avatar/v3/a806334b76254cb7b3d483c75b5eeee6_42880/preview_video_talk_2.mp4
Bahar_Jacket_Casual_Side_public,Bahar Jacket Casual Side,female,https://files2.heygen.ai/avatar/v3/dbe58d21cb154a09a06e73d8db614c64_42890/preview_talk_2.webp,https://files2.heygen.ai/avatar/v3/dbe58d21cb154a09a06e73d8db614c64_42890/preview_video_talk_2.mp4
Bahar_Jacket_Front_public,Bahar Jacket Front,female,https://files2.heygen.ai/avatar/v3/2b05489f9bf14615854a09786646fcc7_43170/preview_target.webp,https://files2.heygen.ai/avatar/v3/2b05489f9bf14615854a09786646fcc7_43170/preview_video_target.mp4
Bahar_Jacket_Side_public,Bahar Jacket Side,female,https://files2.heygen.ai/avatar/v3/75429efd268945039288e4de35324817_42890/preview_talk_3.webp,https://files2.heygen.ai/avatar/v3/75429efd268945039288e4de35324817_42890/preview_video_talk_3.mp4
Berat_standing_indoor_front,Berat Indoor Front 2,male,https://files2.heygen.ai/avatar/v3/a8b8b04207104269b45867d8911cc5ae_36840/preview_target.webp,https://files2.heygen.ai/avatar/v3/a8b8b04207104269b45867d8911cc5ae_36840/preview_video_target.mp4
Berat_sitting_indoor_front,Berat Indoor Front,male,https://files2.heygen.ai/avatar/v3/190896214fa74092ae3b8a51a78bcd6a_36840/preview_talk_1.webp,https://files2.heygen.ai/avatar/v3/190896214fa74092ae3b8a51a78bcd6a_36840/preview_video_talk_1.mp4
Berat_standing_indoor_side,Berat Indoor Side 2,male,https://files2.heygen.ai/avatar/v3/ae5aed552f1143549b0ffc4a935b93b7_36850/preview_target.webp,https://files2.heygen.ai/avatar/v3/ae5aed552f1143549b0ffc4a935b93b7_36850/preview_video_target.mp4
Berat_sitting_indoor_side,Berat Indoor Side,male,https://files2.heygen.ai/avatar/v3/985188a6d38348a38cf75aeae4f35c93_36850/preview_talk_1.webp,https://files2.heygen.ai/avatar/v3/985188a6d38348a38cf75aeae4f35c93_36850/preview_video_talk_1.mp4
Berat_standing_office_front,Berat Office Front 2,male,https://files2.heygen.ai/avatar/v3/696bf477e22d4b51971a2e5d1f35192f_37360/preview_target.webp,https://files2.heygen.ai/avatar/v3/696bf477e22d4b51971a2e5d1f35192f_37360/preview_video_target.mp4
Berat_sitting_office_front,Berat Office Front,male,https://files2.heygen.ai/avatar/v3/1734c69cbbaf40dba6c31a201dffc086_37090/preview_talk_1.webp,https://files2.heygen.ai/avatar/v3/1734c69cbbaf40dba6c31a201dffc086_37090/preview_video_talk_1.mp4
Berat_standing_office_side,Berat Office Side 2,male,https://files2.heygen.ai/avatar/v3/b88ee6496cc74f21aeaea9a6d51f3998_37370/preview_talk_1.webp,https://files2.heygen.ai/avatar/v3/b88ee6496cc74f21aeaea9a6d51f3998_37370/preview_video_talk_1.mp4
Berat_sitting_office_side,Berat Office Side,male,https://files2.heygen.ai/avatar/v3/ee82213708334fada41000f7e3758c47_37100/preview_talk_1.webp,https://files2.heygen.ai/avatar/v3/ee82213708334fada41000f7e3758c47_37100/preview_video_talk_1.mp4
Blanka_sitting_lounge_front,Blanka Lounge Front,female,https://files2.heygen.ai/avatar/v3/51d99b18bdec4ad39b58ca10b9973473_38510/preview_target.webp,https://files2.heygen.ai/avatar/v3/51d99b18bdec4ad39b58ca10b9973473_38510/preview_video_target.mp4
Blanka_sitting_lounge_side,Blanka Lounge Side,female,https://files2.heygen.ai/avatar/v3/fb7baae003b44539b1d9f4a8b2b7f500_38520/preview_talk_1.webp,https://files2.heygen.ai/avatar/v3/fb7baae003b44539b1d9f4a8b2b7f500_38520/preview_video_talk_1.mp4
Blanka_standing_outfoorbusiness_front,Blanka Outdoor Business Front,female,https://files2.heygen.ai/avatar/v3/4df6714eaf9c41659b064af419016c9d_38350/preview_target.webp,https://files2.heygen.ai/avatar/v3/4df6714eaf9c41659b064af419016c9d_38350/preview_video_target.mp4
Blanka_standing_outfoorbusiness_side,Blanka Outdoor Business Side,female,https://files2.heygen.ai/avatar/v3/9ae8af02981248d998dd2f45e2366d3c_38370/preview_target.webp,https://files2.heygen.ai/avatar/v3/9ae8af02981248d998dd2f45e2366d3c_38370/preview_video_target.mp4
Blanka_lying_outfoorreading_front,Blanka Outdoor Reading Front,female,https://files2.heygen.ai/avatar/v3/3e62dc394fe8459aad0978193425a19e_38380/preview_target.webp,https://files2.heygen.ai/avatar/v3/3e62dc394fe8459aad0978193425a19e_38380/preview_video_target.mp4
Blanka_lying_outfoorreading_side,Blanka Outdoor Reading Side,female,https://files2.heygen.ai/avatar/v3/f7fc084722ab4cf49a60b961cc7a1aba_38390/preview_target.webp,https://files2.heygen.ai/avatar/v3/f7fc084722ab4cf49a60b961cc7a1aba_38390/preview_video_target.mp4
Blanka_sitting_picnic_front,Blanka Picnic Front,female,https://files2.heygen.ai/avatar/v3/edd66a35d1d24c70b96cf534dd8bf4f3_38350/preview_talk_1.webp,https://files2.heygen.ai/avatar/v3/edd66a35d1d24c70b96cf534dd8bf4f3_38350/preview_video_talk_1.mp4
Blanka_sitting_picnic_side,Blanka Picnic Side,female,https://files2.heygen.ai/avatar/v3/91746ac0ba6d4fc6945141a7fd7ba94f_39450/preview_target.webp,https://files2.heygen.ai/avatar/v3/91746ac0ba6d4fc6945141a7fd7ba94f_39450/preview_video_target.mp4
Bojan_sitting_businesstraining_front,Bojan Business Training Front 2,male,https://files2.heygen.ai/avatar/v3/391d7595784140d0b627958c1c93aff1_39290/preview_talk_2.webp,https://files2.heygen.ai/avatar/v3/391d7595784140d0b627958c1c93aff1_39290/preview_video_talk_2.mp4
Bojan_standing_businesstraining_front,Bojan Business Training Front,male,https://files2.heygen.ai/avatar/v3/2823b7672add411f9152b61e9a35cb3e_39290/preview_talk_3.webp,https://files2.heygen.ai/avatar/v3/2823b7672add411f9152b61e9a35cb3e_39290/preview_video_talk_3.mp4
Bojan_sitting_businesstraining_side,Bojan Business Training Side 2,male,https://files2.heygen.ai/avatar/v3/3c5516397fe54b60a88301e631a4ac01_39300/preview_talk_3.webp,https://files2.heygen.ai/avatar/v3/3c5516397fe54b60a88301e631a4ac01_39300/preview_video_talk_3.mp4
Bojan_standing_businesstraining_side,Bojan Business Training Side,male,https://files2.heygen.ai/avatar/v3/60cba321b0204363be5b256483187398_39300/preview_talk_2.webp,https://files2.heygen.ai/avatar/v3/60cba321b0204363be5b256483187398_39300/preview_video_talk_2.mp4
Bojan_lying_lounge_front,Bojan Lounge Front 2,male,https://files2.heygen.ai/avatar/v3/7c6fba3e91e34effa4dbab98b8bb9c14_39290/preview_talk_5.webp,https://files2.heygen.ai/avatar/v3/7c6fba3e91e34effa4dbab98b8bb9c14_39290/preview_video_talk_5.mp4
Bojan_standing_lounge_front,Bojan Lounge Front,male,https://files2.heygen.ai/avatar/v3/bad55976711c4992ab1fbc8cabaed126_39290/preview_talk_4.webp,https://files2.heygen.ai/avatar/v3/bad55976711c4992ab1fbc8cabaed126_39290/preview_video_talk_4.mp4
Bojan_lying_lounge_side,Bojan Lounge Side 2,male,https://files2.heygen.ai/avatar/v3/332cecb7cce14727b52a30ce699a542f_39310/preview_target.webp,https://files2.heygen.ai/avatar/v3/332cecb7cce14727b52a30ce699a542f_39310/preview_video_target.mp4
Bojan_standing_lounge_side,Bojan Lounge Side,male,https://files2.heygen.ai/avatar/v3/9945877106754f28a3bfe27533dce139_39300/preview_talk_4.webp,https://files2.heygen.ai/avatar/v3/9945877106754f28a3bfe27533dce139_39300/preview_video_talk_4.mp4
Bojan_sitting_sport_front,Bojan Sport Front 2,male,https://files2.heygen.ai/avatar/v3/cb0ae5ed511f4f38abe47351d7aa7619_39290/preview_talk_1.webp,https://files2.heygen.ai/avatar/v3/cb0ae5ed511f4f38abe47351d7aa7619_39290/preview_video_talk_1.mp4
Bojan_standing_sport_front,Bojan Sport Front,male,https://files2.heygen.ai/avatar/v3/365e65ba93b24697ab9be6b5c7535888_39290/preview_target.webp,https://files2.heygen.ai/avatar/v3/365e65ba93b24697ab9be6b5c7535888_39290/preview_video_target.mp4
Bojan_sitting_sport_side,Bojan Sport Side 2,male,https://files2.heygen.ai/avatar/v3/0e68f5d5255648a685618487017b58a4_39300/preview_talk_1.webp,https://files2.heygen.ai/avatar/v3/0e68f5d5255648a685618487017b58a4_39300/preview_video_talk_1.mp4
Bojan_standing_sport_side,Bojan Sport Side,male,https://files2.heygen.ai/avatar/v3/721015cf222c44da922c7fe1d4ebcb5d_39300/preview_target.webp,https://files2.heygen.ai/avatar/v3/721015cf222c44da922c7fe1d4ebcb5d_39300/preview_video_target.mp4
Bradley_Blue_Polo_Front,Bradley in Blue Polo (Front),male,https://files2.heygen.ai/avatar/v3/c422d0fd8a0645458a084b68e3223a5b_34490/preview_talk_1.webp,https://files2.heygen.ai/avatar/v3/c422d0fd8a0645458a084b68e3223a5b_34490/preview_video_talk_1.mp4
Bradley_Blue_Polo_Left,Bradley in Blue Polo (Left),male,https://files2.heygen.ai/avatar/v3/49f1225a81254457961a2a7baf887a28_34500/preview_talk_1.webp,https://files2.heygen.ai/avatar/v3/49f1225a81254457961a2a7baf887a28_34500/preview_video_talk_1.mp4
Bradley_Blue_Polo_Right,Bradley in Blue Polo (Right),male,https://files2.heygen.ai/avatar/v3/9cbd922a3e324a1081a8b409a7c601b4_34510/preview_talk_1.webp,https://files2.heygen.ai/avatar/v3/9cbd922a3e324a1081a8b409a7c601b4_34510/preview_video_talk_1.mp4
Brent_standing_office_front,Brent Office Front 2,male,https://files2.heygen.ai/avatar/v3/d018125159b44e01847bc192c85a2e8b_36800/preview_talk_1.webp,https://files2.heygen.ai/avatar/v3/d018125159b44e01847bc192c85a2e8b_36800/preview_video_talk_1.mp4
Brent_sitting_office_front,Brent Office Front,male,https://files2.heygen.ai/avatar/v3/032a89b9f70440a49aade4e7a9069229_36790/preview_talk_9.webp,https://files2.heygen.ai/avatar/v3/032a89b9f70440a49aade4e7a9069229_36790/preview_video_talk_9.mp4
Brent_standing_office_side,Brent Office Side 2,male,https://files2.heygen.ai/avatar/v3/e543f891e849403fb1836d43c2ae9a6c_36810/preview_target.webp,https://files2.heygen.ai/avatar/v3/e543f891e849403fb1836d43c2ae9a6c_36810/preview_video_target.mp4
Brent_sitting_office_side,Brent Office Side,male,https://files2.heygen.ai/avatar/v3/48ab1b4af8564d1888bbc1aa4023c573_36780/preview_talk_9.webp,https://files2.heygen.ai/avatar/v3/48ab1b4af8564d1888bbc1aa4023c573_36780/preview_video_talk_9.mp4
Brent_standing_sofa_front,Brent Sofa Front 2 ,male,https://files2.heygen.ai/avatar/v3/be2ac871f6b14a23b752e3e20b6ed9f5_36720/preview_talk_2.webp,https://files2.heygen.ai/avatar/v3/be2ac871f6b14a23b752e3e20b6ed9f5_36720/preview_video_talk_2.mp4
Brent_sitting_sofa_front,Brent Sofa Front,male,https://files2.heygen.ai/avatar/v3/3eda8aa23aec402f82b7c7f4b1c276fa_36700/preview_talk_1.webp,https://files2.heygen.ai/avatar/v3/3eda8aa23aec402f82b7c7f4b1c276fa_36700/preview_video_talk_1.mp4
Brent_standing_sofa_side,Brent Sofa Side 2 ,male,https://files2.heygen.ai/avatar/v3/d4c9b1afb4c64f8b87c2f7ce8ba5b5ea_36730/preview_talk_3.webp,https://files2.heygen.ai/avatar/v3/d4c9b1afb4c64f8b87c2f7ce8ba5b5ea_36730/preview_video_talk_3.mp4
Brent_sitting_sofa_side,Brent Sofa Side,male,https://files2.heygen.ai/avatar/v3/c904025bcfbb44c093cbfbb4aa69d39c_36710/preview_talk_2.webp,https://files2.heygen.ai/avatar/v3/c904025bcfbb44c093cbfbb4aa69d39c_36710/preview_video_talk_2.mp4
Bryan_PlaidShirt_Front_public,Bryan Plaid Shirt Front,male,https://files2.heygen.ai/avatar/v3/ec48aa774b094e82bbafc1767852174f_43310/preview_talk_1.webp,https://files2.heygen.ai/avatar/v3/ec48aa774b094e82bbafc1767852174f_43310/preview_video_talk_1.mp4
Bryan_PlaidShirt_Side_public,Bryan Plaid Shirt Side,male,https://files2.heygen.ai/avatar/v3/a0d217c2271045e28d16473f244cc20d_43320/preview_talk_3.webp,https://files2.heygen.ai/avatar/v3/a0d217c2271045e28d16473f244cc20d_43320/preview_video_talk_3.mp4
Candace_Pink_Blazer_Front,Candace in Pink Blazer (Front),female,https://files2.heygen.ai/avatar/v3/d50c1347171c4d9586d1a8b868b88d20_34520/preview_talk_1.webp,https://files2.heygen.ai/avatar/v3/d50c1347171c4d9586d1a8b868b88d20_34520/preview_video_talk_1.mp4
Candace_Pink_Blazer_Right,Candace in Pink Blazer (Right),female,https://files2.heygen.ai/avatar/v3/9c63740a813e4670948914a8a92df3e0_34540/preview_talk_1.webp,https://files2.heygen.ai/avatar/v3/9c63740a813e4670948914a8a92df3e0_34540/preview_video_talk_1.mp4
Candace_Pink_Blazer_Left,Candace in Pink Blazer  (Left),female,https://files2.heygen.ai/avatar/v3/d1aebde1aec54c11b8b1cd16c14de3db_34530/preview_talk_1.webp,https://files2.heygen.ai/avatar/v3/d1aebde1aec54c11b8b1cd16c14de3db_34530/preview_video_talk_1.mp4
Carla_in_Dress_Left,Carla in Dress  (Left),female,https://files2.heygen.ai/avatar/v3/1d8d24a798bf42fa8ff1210c4ca783c0_35270/preview_talk_1.webp,https://files2.heygen.ai/avatar/v3/1d8d24a798bf42fa8ff1210c4ca783c0_35270/preview_video_talk_1.mp4
Carla_in_Shirt_Front,Carla in Shirt (Front),female,https://files2.heygen.ai/avatar/v3/c9191fd6306e48019135729eefc8547d_35460/preview_target.webp,https://files2.heygen.ai/avatar/v3/c9191fd6306e48019135729eefc8547d_35460/preview_video_target.mp4
Carla_in_Shirt_Left,Carla in Shirt (Left),female,https://files2.heygen.ai/avatar/v3/aa0d9b88e3824c049210c2f4b9cb2ced_35270/preview_target.webp,https://files2.heygen.ai/avatar/v3/aa0d9b88e3824c049210c2f4b9cb2ced_35270/preview_video_target.mp4
Carla_in_Shirt_Right,Carla in Shirt (Right),female,https://files2.heygen.ai/avatar/v3/99b4106e46494a4cb9731de8fb7a02b2_35280/preview_target.webp,https://files2.heygen.ai/avatar/v3/99b4106e46494a4cb9731de8fb7a02b2_35280/preview_video_target.mp4
Chad_in_Blue_Shirt_Front,Chad in Blue Shirt (Front),male,https://files2.heygen.ai/avatar/v3/575f7e5be4084f57a7d0790766b52714_34900/preview_target.webp,https://files2.heygen.ai/avatar/v3/575f7e5be4084f57a7d0790766b52714_34900/preview_video_target.mp4
Chad_in_Blue_Shirt_Left,Chad in Blue Shirt (Left),male,https://files2.heygen.ai/avatar/v3/06e9e5ebb60e41d58d03f9b3fff8ddd6_34910/preview_target.webp,https://files2.heygen.ai/avatar/v3/06e9e5ebb60e41d58d03f9b3fff8ddd6_34910/preview_video_target.mp4
Chad_in_Blue_Shirt_Right,Chad in Blue Shirt (Right),male,https://files2.heygen.ai/avatar/v3/5394a7147272444a9464b5510f9cf1a2_34920/preview_target.webp,https://files2.heygen.ai/avatar/v3/5394a7147272444a9464b5510f9cf1a2_34920/preview_video_target.mp4
Chakir_in_white_Shirt_Front,Chakir in White Shirt (Front),male,https://files2.heygen.ai/avatar/v3/cbb6d8112bf94261b0359c436d84e7af_34990/preview_target.webp,https://files2.heygen.ai/avatar/v3/cbb6d8112bf94261b0359c436d84e7af_34990/preview_video_target.mp4
Chakir_in_white_Shirt_Right,Chakir in White Shirt (Right),male,https://files2.heygen.ai/avatar/v3/5722a2844e74401fbdcc7cd738b04841_35010/preview_target.webp,https://files2.heygen.ai/avatar/v3/5722a2844e74401fbdcc7cd738b04841_35010/preview_video_target.mp4
Chakir_in_white_Shirt_Left,Chakir in white Shirt (Left),male,https://files2.heygen.ai/avatar/v3/6fb001cf69dc43f9a751a54b4b46d347_35190/preview_target.webp,https://files2.heygen.ai/avatar/v3/6fb001cf69dc43f9a751a54b4b46d347_35190/preview_video_target.mp4
Chloe_standing_lounge_front,Chloe Lounge Front,female,https://files2.heygen.ai/avatar/v3/874b8f9546d34bb49a7f536c8efaabdd_38950/preview_talk_2.webp,https://files2.heygen.ai/avatar/v3/874b8f9546d34bb49a7f536c8efaabdd_38950/preview_video_talk_2.mp4
Chloe_standing_lounge_side,Chloe Lounge Side,female,https://files2.heygen.ai/avatar/v3/f9cf88722b454aee8275454fde3c1ac1_38950/preview_target.webp,https://files2.heygen.ai/avatar/v3/f9cf88722b454aee8275454fde3c1ac1_38950/preview_video_target.mp4
Chloe_standing_outdoor_side,Chloe Outdoor Side,female,https://files2.heygen.ai/avatar/v3/a5489521612d405ea3bb6e8bcdcc0f58_38950/preview_talk_1.webp,https://files2.heygen.ai/avatar/v3/a5489521612d405ea3bb6e8bcdcc0f58_38950/preview_video_talk_1.mp4
Conrad_standing_house_front,Conrad House Front,male,https://files2.heygen.ai/avatar/v3/ea333829d88c4fc8b6d08e8baf80297a_37140/preview_talk_3.webp,https://files2.heygen.ai/avatar/v3/ea333829d88c4fc8b6d08e8baf80297a_37140/preview_video_talk_3.mp4
Conrad_sitting_house_side,Conrad House Side,male,https://files2.heygen.ai/avatar/v3/374c45b0a3e448b4800d2e324b0c71d5_37230/preview_target.webp,https://files2.heygen.ai/avatar/v3/374c45b0a3e448b4800d2e324b0c71d5_37230/preview_video_target.mp4
Conrad_sitting_sofa_front,Conrad Sofa Front,male,https://files2.heygen.ai/avatar/v3/e45585843830421496f598bf27e00dee_37140/preview_target.webp,https://files2.heygen.ai/avatar/v3/e45585843830421496f598bf27e00dee_37140/preview_video_target.mp4
Conrad_standing_sofa_side,Conrad Sofa Side,male,https://files2.heygen.ai/avatar/v3/c93e6cf24e9c4fd9b65fffeb676e43d7_37240/preview_target.webp,https://files2.heygen.ai/avatar/v3/c93e6cf24e9c4fd9b65fffeb676e43d7_37240/preview_video_target.mp4
Darnell_Blue_Shirt_Front,Darnell in Blue Shirt (Front),male,https://files2.heygen.ai/avatar/v3/373673b402554493af33d61d76ce9c8d_34550/preview_talk_1.webp,https://files2.heygen.ai/avatar/v3/373673b402554493af33d61d76ce9c8d_34550/preview_video_talk_1.mp4
Darnell_Blue_Shirt_Left,Darnell in Blue Shirt (Left),male,https://files2.heygen.ai/avatar/v3/e5bf9c0cf4b4430f863785dbbe1c4861_34560/preview_talk_1.webp,https://files2.heygen.ai/avatar/v3/e5bf9c0cf4b4430f863785dbbe1c4861_34560/preview_video_talk_1.mp4
Darnell_Blue_Shirt_Right,Darnell in Blue Shirt (Right),male,https://files2.heygen.ai/avatar/v3/447b8c46b2f942f183d24d80724fd96f_34570/preview_talk_1.webp,https://files2.heygen.ai/avatar/v3/447b8c46b2f942f183d24d80724fd96f_34570/preview_video_talk_1.mp4
Derya_standing_indoor_front,Derya Indoor Front 2,female,https://files2.heygen.ai/avatar/v3/c37a49d797a94e038a72b25d000b887f_36860/preview_talk_1.webp,https://files2.heygen.ai/avatar/v3/c37a49d797a94e038a72b25d000b887f_36860/preview_video_talk_1.mp4
Derya_sitting_indoor_front,Derya Indoor Front,female,https://files2.heygen.ai/avatar/v3/09afea387ab6458c96ffa792357f8b98_36860/preview_talk_3.webp,https://files2.heygen.ai/avatar/v3/09afea387ab6458c96ffa792357f8b98_36860/preview_video_talk_3.mp4
Derya_standing_indoor_side,Derya Indoor Side 2,female,https://files2.heygen.ai/avatar/v3/6c9c809bf75546e3931aabc1e84cf219_36870/preview_talk_1.webp,https://files2.heygen.ai/avatar/v3/6c9c809bf75546e3931aabc1e84cf219_36870/preview_video_talk_1.mp4
Derya_sitting_indoor_side,Derya Indoor Side,female,https://files2.heygen.ai/avatar/v3/db02a94ab35b490e843d522953dc415f_36870/preview_talk_3.webp,https://files2.heygen.ai/avatar/v3/db02a94ab35b490e843d522953dc415f_36870/preview_video_talk_3.mp4
Derya_standing_office_front,Derya Office Front 2,female,https://files2.heygen.ai/avatar/v3/9c63c979d47f431382993c741ea5da25_36960/preview_talk_1.webp,https://files2.heygen.ai/avatar/v3/9c63c979d47f431382993c741ea5da25_36960/preview_video_talk_1.mp4
Derya_sitting_office_front,Derya Office Front,female,https://files2.heygen.ai/avatar/v3/0942815c4e10448c9b3566554c66ef49_36960/preview_target.webp,https://files2.heygen.ai/avatar/v3/0942815c4e10448c9b3566554c66ef49_36960/preview_video_target.mp4
Derya_standing_office_side,Derya Office Side 2,female,https://files2.heygen.ai/avatar/v3/ec27ac59aa0c41a0b8e950172031ee4b_36970/preview_target.webp,https://files2.heygen.ai/avatar/v3/ec27ac59aa0c41a0b8e950172031ee4b_36970/preview_video_target.mp4
Derya_sitting_office_side,Derya Office Side,female,https://files2.heygen.ai/avatar/v3/8553ece9db5f4cc78e0ab5f49911cb1c_36970/preview_talk_1.webp,https://files2.heygen.ai/avatar/v3/8553ece9db5f4cc78e0ab5f49911cb1c_36970/preview_video_talk_1.mp4
Diran_Macbook_Casual_Front_public,Diran Macbook Casual Front,male,https://files2.heygen.ai/avatar/v3/8b3389bc365d4c7980141f50fc27d1cb_42070/preview_target.webp,https://files2.heygen.ai/avatar/v3/8b3389bc365d4c7980141f50fc27d1cb_42070/preview_video_target.mp4
Diran_Macbook_Casual_Side_public,Diran Macbook Casual Side,male,https://files2.heygen.ai/avatar/v3/9b40abfbefb84a429591dce31a1902e1_42080/preview_talk_2.webp,https://files2.heygen.ai/avatar/v3/9b40abfbefb84a429591dce31a1902e1_42080/preview_video_talk_2.mp4
Diran_Macbook_Sitting_Front2_public,Diran Macbook Sitting Front 2,male,https://files2.heygen.ai/avatar/v3/f23c696b73ea44fc86eb7e7c5c9eaf23_42330/preview_talk_2.webp,https://files2.heygen.ai/avatar/v3/f23c696b73ea44fc86eb7e7c5c9eaf23_42330/preview_video_talk_2.mp4
Diran_Macbook_Sitting_Front_public,Diran Macbook Sitting Front,male,https://files2.heygen.ai/avatar/v3/80ffca2ba14545149b90e56ee65a3e24_42330/preview_talk_1.webp,https://files2.heygen.ai/avatar/v3/80ffca2ba14545149b90e56ee65a3e24_42330/preview_video_talk_1.mp4
Diran_Macbook_Sitting_Side2_public,Diran Macbook Sitting Side 2,male,https://files2.heygen.ai/avatar/v3/f6d41d04e1384d58a3d2447f2f8d5e17_42320/preview_target.webp,https://files2.heygen.ai/avatar/v3/f6d41d04e1384d58a3d2447f2f8d5e17_42320/preview_video_target.mp4
Diran_Macbook_Sitting_Side_public,Diran Macbook Sitting Side,male,https://files2.heygen.ai/avatar/v3/a50ecbe2d54f4aefb90b03d3df561228_42320/preview_talk_2.webp,https://files2.heygen.ai/avatar/v3/a50ecbe2d54f4aefb90b03d3df561228_42320/preview_video_talk_2.mp4
Diran_iPad_Sitting_Front_public,Diran iPad Sitting Front,male,https://files2.heygen.ai/avatar/v3/0993152f8f6447d5b33be7baba4d3736_42330/preview_target.webp,https://files2.heygen.ai/avatar/v3/0993152f8f6447d5b33be7baba4d3736_42330/preview_video_target.mp4
Diran_iPad_Sitting_Side_public,Diran iPad Sitting Side,male,https://files2.heygen.ai/avatar/v3/50c76013151b4ad0a9e1b2641bbebe88_42320/preview_talk_1.webp,https://files2.heygen.ai/avatar/v3/50c76013151b4ad0a9e1b2641bbebe88_42320/preview_video_talk_1.mp4
Emanuel_standing_office_front,Emanuel Office Front,male,https://files2.heygen.ai/avatar/v3/2ecb3781b0b1420f8244d7ac13f00407_37150/preview_target.webp,https://files2.heygen.ai/avatar/v3/2ecb3781b0b1420f8244d7ac13f00407_37150/preview_video_target.mp4
Emanuel_standing_office_side,Emanuel Office Side,male,https://files2.heygen.ai/avatar/v3/a1d81ce162544fb0955bc9896411514b_37250/preview_talk_1.webp,https://files2.heygen.ai/avatar/v3/a1d81ce162544fb0955bc9896411514b_37250/preview_video_talk_1.mp4
Emanuel_sitting_sofa_front,Emanuel Sofa Front,male,https://files2.heygen.ai/avatar/v3/b18507ce1ab74d1dacb7112bb16f2440_37150/preview_talk_2.webp,https://files2.heygen.ai/avatar/v3/b18507ce1ab74d1dacb7112bb16f2440_37150/preview_video_talk_2.mp4
Emanuel_sitting_Sofa_side,Emanuel Sofa Side,male,https://files2.heygen.ai/avatar/v3/b6d50563342f4037b1561b9b9c011527_37260/preview_target.webp,https://files2.heygen.ai/avatar/v3/b6d50563342f4037b1561b9b9c011527_37260/preview_video_target.mp4
Emilia_standing_outdoorbusiness_front,Emilia Outdoor Business Front,female,https://files2.heygen.ai/avatar/v3/5ee7536c7271417a971f08a55efcfa91_38320/preview_talk_1.webp,https://files2.heygen.ai/avatar/v3/5ee7536c7271417a971f08a55efcfa91_38320/preview_video_talk_1.mp4
Emilia_standing_outdoorbusiness_side,Emilia Outdoor Business Side,female,https://files2.heygen.ai/avatar/v3/f5fb4ea7f6494dafbea81435b19ef74f_38340/preview_target.webp,https://files2.heygen.ai/avatar/v3/f5fb4ea7f6494dafbea81435b19ef74f_38340/preview_video_target.mp4
Emilia_sitting_outdooryoga2_front,Emilia Outdoor Yoga Front 2,female,https://files2.heygen.ai/avatar/v3/08cd771666d1401697c738fceed4f2d3_38470/preview_talk_1.webp,https://files2.heygen.ai/avatar/v3/08cd771666d1401697c738fceed4f2d3_38470/preview_video_talk_1.mp4
Emilia_sitting_outdooryoga_front,Emilia Outdoor Yoga Front,female,https://files2.heygen.ai/avatar/v3/137d2a33e1d246fd8d528b3040f25714_38470/preview_target.webp,https://files2.heygen.ai/avatar/v3/137d2a33e1d246fd8d528b3040f25714_38470/preview_video_target.mp4
Emilia_sitting_outdooryoga_side,Emilia Outdoor Yoga Side,female,https://files2.heygen.ai/avatar/v3/635f87f70ed74107ae3535d8cbc7a41f_38480/preview_talk_1.webp,https://files2.heygen.ai/avatar/v3/635f87f70ed74107ae3535d8cbc7a41f_38480/preview_video_talk_1.mp4
Emilia_sitting_picnic_front,Emilia Picnic Front,female,https://files2.heygen.ai/avatar/v3/604bdf31284940c1acb1ac31d08a8a21_38320/preview_target.webp,https://files2.heygen.ai/avatar/v3/604bdf31284940c1acb1ac31d08a8a21_38320/preview_video_target.mp4
Emilia_sitting_picnic_side,Emilia Picnic Side,female,https://files2.heygen.ai/avatar/v3/974306439e5046fa93e4aeb36269816a_38330/preview_target.webp,https://files2.heygen.ai/avatar/v3/974306439e5046fa93e4aeb36269816a_38330/preview_video_target.mp4
Eric_public_lite1_20230601,Edward,male,https://files2.heygen.ai/avatar/v3/e259aabd01a24e958299ce130b6f4928_2623/preview_target.webp,https://files2.heygen.ai/avatar/v3/e259aabd01a24e958299ce130b6f4928_2623/preview_video_target.mp4
Fernando_sitting_businessindoor_front,Fernando Business Indoor Front,male,https://files2.heygen.ai/avatar/v3/203425112ca0467990d1b2327ab394b6_39010/preview_talk_5.webp,https://files2.heygen.ai/avatar/v3/203425112ca0467990d1b2327ab394b6_39010/preview_video_talk_5.mp4
Fernando_sitting_businessindoor_side,Fernando Business Indoor Side,male,https://files2.heygen.ai/avatar/v3/654d4253f9e64dbb990ec673f136cc02_39030/preview_talk_5.webp,https://files2.heygen.ai/avatar/v3/654d4253f9e64dbb990ec673f136cc02_39030/preview_video_talk_5.mp4
Fernando_sitting_outdoorchair_front_close,Fernando OutdoorChair Front 2,male,https://files2.heygen.ai/avatar/v3/3b06323de19040bf9ca490f55c1286c5_39010/preview_talk_4.webp,https://files2.heygen.ai/avatar/v3/3b06323de19040bf9ca490f55c1286c5_39010/preview_video_talk_4.mp4
Fernando_sitting_outdoorchair_front,Fernando Outdoor Chair Front,male,https://files2.heygen.ai/avatar/v3/30f7858a50834089928f7409c2407454_39010/preview_talk_3.webp,https://files2.heygen.ai/avatar/v3/30f7858a50834089928f7409c2407454_39010/preview_video_talk_3.mp4
Fernando_sitting_outdoorchair_side,Fernando Outdoor Chair Side,male,https://files2.heygen.ai/avatar/v3/80c9802f265b48a0a1fef8cbd323fcd7_39030/preview_talk_2.webp,https://files2.heygen.ai/avatar/v3/80c9802f265b48a0a1fef8cbd323fcd7_39030/preview_video_talk_2.mp4
Fernando_standing_outdoor_front,Fernando Outdoor Front,male,https://files2.heygen.ai/avatar/v3/72f925de0b85401daa342edb27d40aa0_39010/preview_talk_2.webp,https://files2.heygen.ai/avatar/v3/72f925de0b85401daa342edb27d40aa0_39010/preview_video_talk_2.mp4
Fernando_standing_outdoor_side,Fernando Outdoor Side,male,https://files2.heygen.ai/avatar/v3/53b0890c59a74386a36d8cee752223f1_39030/preview_target.webp,https://files2.heygen.ai/avatar/v3/53b0890c59a74386a36d8cee752223f1_39030/preview_video_target.mp4
Fernando_sitting_outdoortable_front,Fernando Outdoor Table Front,male,https://files2.heygen.ai/avatar/v3/b7fc0ac85619411fb2635b18c111c2f3_39010/preview_target.webp,https://files2.heygen.ai/avatar/v3/b7fc0ac85619411fb2635b18c111c2f3_39010/preview_video_target.mp4
Fernando_sitting_outdoortable_side,Fernando Outdoor Table Side,male,https://files2.heygen.ai/avatar/v3/4c142c4734ea42a6a1eec3f08aafa31f_39040/preview_talk_1.webp,https://files2.heygen.ai/avatar/v3/4c142c4734ea42a6a1eec3f08aafa31f_39040/preview_video_talk_1.mp4
Francis_in_Shirt_Front,Francis in Shirt (Front),male,https://files2.heygen.ai/avatar/v3/994f6d5fde7544ccb7dd22cf7640ab9d_35230/preview_target.webp,https://files2.heygen.ai/avatar/v3/994f6d5fde7544ccb7dd22cf7640ab9d_35230/preview_video_target.mp4
Francis_in_Shirt_Left,Francis in Shirt (Left),male,https://files2.heygen.ai/avatar/v3/4d0eac4fe3444ac48ea15f71e09ec0f0_35240/preview_target.webp,https://files2.heygen.ai/avatar/v3/4d0eac4fe3444ac48ea15f71e09ec0f0_35240/preview_video_target.mp4
Francis_in_Shirt_Right,Francis in Shirt (Right),male,https://files2.heygen.ai/avatar/v3/81d8cf20df564e7090b91c48a694b858_35250/preview_target.webp,https://files2.heygen.ai/avatar/v3/81d8cf20df564e7090b91c48a694b858_35250/preview_video_target.mp4
Fred_in_Blue_Long_Shirt_Front,Fred in Blue Long Shirt (Front),male,https://files2.heygen.ai/avatar/v3/3c604d6632324854af8bb933d2359aa7_34930/preview_target.webp,https://files2.heygen.ai/avatar/v3/3c604d6632324854af8bb933d2359aa7_34930/preview_video_target.mp4
Fred_in_Blue_Long_Shirt_Left,Fred in Blue Long Shirt (Left),male,https://files2.heygen.ai/avatar/v3/13e6f145706e457bb972b4b3e0009efd_34940/preview_target.webp,https://files2.heygen.ai/avatar/v3/13e6f145706e457bb972b4b3e0009efd_34940/preview_video_target.mp4
Fred_in_Blue_Long_Shirt_Right,Fred in Blue Long Shirt (Right),male,https://files2.heygen.ai/avatar/v3/57730aa7292a4efa94de7347463f2618_34950/preview_target.webp,https://files2.heygen.ai/avatar/v3/57730aa7292a4efa94de7347463f2618_34950/preview_video_target.mp4
Fred_in_Blue_Short_Shirt_Front,Fred in Blue Short Shirt (Front),male,https://files2.heygen.ai/avatar/v3/651c3060f1da41bf80e90b8c8fd9855a_34930/preview_talk_1.webp,https://files2.heygen.ai/avatar/v3/651c3060f1da41bf80e90b8c8fd9855a_34930/preview_video_talk_1.mp4
Fred_in_Blue_Short_Shirt_Left,Fred in Blue Short Shirt (Left),male,https://files2.heygen.ai/avatar/v3/8fa0edf49fd84dd28f66302f768d9090_34940/preview_talk_1.webp,https://files2.heygen.ai/avatar/v3/8fa0edf49fd84dd28f66302f768d9090_34940/preview_video_talk_1.mp4
Fred_in_Blue_Short_Shirt_Right,Fred in Blue Short Shirt (Right),male,https://files2.heygen.ai/avatar/v3/2400daae083f4139ae8fa3fb457f4bf7_34950/preview_talk_1.webp,https://files2.heygen.ai/avatar/v3/2400daae083f4139ae8fa3fb457f4bf7_34950/preview_video_talk_1.mp4
Gala_lying_bedroom_front,Gala Bedroom Front,female,https://files2.heygen.ai/avatar/v3/a58cfb99694d483ea8d84dad75e67312_38970/preview_talk_3.webp,https://files2.heygen.ai/avatar/v3/a58cfb99694d483ea8d84dad75e67312_38970/preview_video_talk_3.mp4
Gala_standing_businesssofa_front_close,Gala Business Sofa Front 2,female,https://files2.heygen.ai/avatar/v3/8352487eb0e846449665f25823c2ea0a_38970/preview_talk_1.webp,https://files2.heygen.ai/avatar/v3/8352487eb0e846449665f25823c2ea0a_38970/preview_video_talk_1.mp4
Gala_sitting_businesssofa_front,Gala Business Sofa Front 3,female,https://files2.heygen.ai/avatar/v3/d56a50a2f56f47798d25a3ad193b911f_38970/preview_talk_10.webp,https://files2.heygen.ai/avatar/v3/d56a50a2f56f47798d25a3ad193b911f_38970/preview_video_talk_10.mp4
Gala_standing_businesssofa_front,Gala Business Sofa Front,female,https://files2.heygen.ai/avatar/v3/96a78a5d17d04e75adc4b53a89eb3fe4_38970/preview_talk_7.webp,https://files2.heygen.ai/avatar/v3/96a78a5d17d04e75adc4b53a89eb3fe4_38970/preview_video_talk_7.mp4
Gala_standing_businesssofa_side_close,Gala Business Sofa Side 2,female,https://files2.heygen.ai/avatar/v3/357be7ac0ca94cf3a306b5d059f30dde_39000/preview_target.webp,https://files2.heygen.ai/avatar/v3/357be7ac0ca94cf3a306b5d059f30dde_39000/preview_video_target.mp4
Gala_sitting_businesssofa_side,Gala Business Sofa Side 3,female,https://files2.heygen.ai/avatar/v3/73a764d526b7473982e6df730298ce93_39000/preview_talk_2.webp,https://files2.heygen.ai/avatar/v3/73a764d526b7473982e6df730298ce93_39000/preview_video_talk_2.mp4
Gala_standing_businesssofa_side,Gala Business Sofa Side,female,https://files2.heygen.ai/avatar/v3/b2fe3f146ffe40f995e2d70429e1d48a_39000/preview_talk_1.webp,https://files2.heygen.ai/avatar/v3/b2fe3f146ffe40f995e2d70429e1d48a_39000/preview_video_talk_1.mp4
Gala_sitting_casualsofawithipad_front,Gala Casual Sofa with iPad Front,female,https://files2.heygen.ai/avatar/v3/2114731c94764e489ccbb735d0ea454b_38970/preview_target.webp,https://files2.heygen.ai/avatar/v3/2114731c94764e489ccbb735d0ea454b_38970/preview_video_target.mp4
Gala_sitting_casualsofawithipad_side_close,Gala Casual Sofa with iPad Side 2,female,https://files2.heygen.ai/avatar/v3/c3c5a973ecf744f2bc29652c01ee9ecb_39000/preview_talk_10.webp,https://files2.heygen.ai/avatar/v3/c3c5a973ecf744f2bc29652c01ee9ecb_39000/preview_video_talk_10.mp4
Gala_sitting_casualsofawithipad_side,Gala Casual Sofa with iPad Side,female,https://files2.heygen.ai/avatar/v3/3ee7c7d8354940539ed6fbd0d326de44_39000/preview_talk_6.webp,https://files2.heygen.ai/avatar/v3/3ee7c7d8354940539ed6fbd0d326de44_39000/preview_video_talk_6.mp4
Gala_sitting_office_front,Gala Office Front,female,https://files2.heygen.ai/avatar/v3/025975fe53df4ae3bcb08e98ef7ce01c_38970/preview_talk_12.webp,https://files2.heygen.ai/avatar/v3/025975fe53df4ae3bcb08e98ef7ce01c_38970/preview_video_talk_12.mp4
Gala_sitting_office_side,Gala Office Side,female,https://files2.heygen.ai/avatar/v3/2de6815b4d0d4b388e42c1640ac596b5_39000/preview_talk_3.webp,https://files2.heygen.ai/avatar/v3/2de6815b4d0d4b388e42c1640ac596b5_39000/preview_video_talk_3.mp4
Gala_sitting_sofa_front_close,Gala Sofa Front 2,female,https://files2.heygen.ai/avatar/v3/59efeb8f6b244693bd9d60f2094c8e4e_38970/preview_talk_6.webp,https://files2.heygen.ai/avatar/v3/59efeb8f6b244693bd9d60f2094c8e4e_38970/preview_video_talk_6.mp4
Gala_lying_sofa_front,Gala Sofa Front 3,female,https://files2.heygen.ai/avatar/v3/33bb4fd328e447f38484e426b43424cb_38970/preview_talk_2.webp,https://files2.heygen.ai/avatar/v3/33bb4fd328e447f38484e426b43424cb_38970/preview_video_talk_2.mp4
Gala_sitting_sofa_front,Gala Sofa Front,female,https://files2.heygen.ai/avatar/v3/babf386c73c541169ba57087cc1c4cd7_38970/preview_talk_4.webp,https://files2.heygen.ai/avatar/v3/babf386c73c541169ba57087cc1c4cd7_38970/preview_video_talk_4.mp4
Gala_sitting_sofa_side_close,Gala Sofa Side 2,female,https://files2.heygen.ai/avatar/v3/4b03062d8e0548afa00afd8079bcf192_39000/preview_talk_8.webp,https://files2.heygen.ai/avatar/v3/4b03062d8e0548afa00afd8079bcf192_39000/preview_video_talk_8.mp4
Gala_lying_sofa_side,Gala Sofa Side 3,female,https://files2.heygen.ai/avatar/v3/d090c9b5f58d4e81a54b9abaf020a3ef_39000/preview_talk_4.webp,https://files2.heygen.ai/avatar/v3/d090c9b5f58d4e81a54b9abaf020a3ef_39000/preview_video_talk_4.mp4
Gala_sitting_sofa_side,Gala Sofa Side,female,https://files2.heygen.ai/avatar/v3/ea6b1f336a8247caadb29d920c959ce0_39000/preview_talk_7.webp,https://files2.heygen.ai/avatar/v3/ea6b1f336a8247caadb29d920c959ce0_39000/preview_video_talk_7.mp4
Georgia_standing_casual_front,Georgia Casual Front,female,https://files2.heygen.ai/avatar/v3/767af13a47a1455da7d18b7e5de39eea_39190/preview_talk_1.webp,https://files2.heygen.ai/avatar/v3/767af13a47a1455da7d18b7e5de39eea_39190/preview_video_talk_1.mp4
Georgia_standing_casual_side,Georgia Casual Side,female,https://files2.heygen.ai/avatar/v3/a648cceba67144efb80c0ea0df164e48_39210/preview_target.webp,https://files2.heygen.ai/avatar/v3/a648cceba67144efb80c0ea0df164e48_39210/preview_video_target.mp4
Georgia_sitting_office_front,Georgia Office Front,female,https://files2.heygen.ai/avatar/v3/26c9a98335d7429da6ed3215d961e080_39190/preview_target.webp,https://files2.heygen.ai/avatar/v3/26c9a98335d7429da6ed3215d961e080_39190/preview_video_target.mp4
Georgia_sitting_office_side,Georgia Office Side,female,https://files2.heygen.ai/avatar/v3/0f3cc005468d46df823f9d946312cc16_39200/preview_target.webp,https://files2.heygen.ai/avatar/v3/0f3cc005468d46df823f9d946312cc16_39200/preview_video_target.mp4
Gerardo_sitting_sofa_side,Gerardo Sofa Side,male,https://files2.heygen.ai/avatar/v3/f0da8faf4b30419487dbee70d86e4a12_39690/preview_target.webp,https://files2.heygen.ai/avatar/v3/f0da8faf4b30419487dbee70d86e4a12_39690/preview_video_target.mp4
Gerardo_sitting_indoor_front,Gerardo Indoor Front,male,https://files2.heygen.ai/avatar/v3/70ad59514ade40fb96740b0f2ce14304_39510/preview_target.webp,https://files2.heygen.ai/avatar/v3/70ad59514ade40fb96740b0f2ce14304_39510/preview_video_target.mp4
Gerardo_sitting_indoor_side,Gerardo Indoor Side,male,https://files2.heygen.ai/avatar/v3/cbf90618ebd34cc6b8308f5cf59cb995_39620/preview_target.webp,https://files2.heygen.ai/avatar/v3/cbf90618ebd34cc6b8308f5cf59cb995_39620/preview_video_target.mp4
Gerardo_standing_nightscene2_front,Gerardo Night Scene Front 2,male,https://files2.heygen.ai/avatar/v3/0cd9d7795dba4acca0982dc5a59a5975_39560/preview_target.webp,https://files2.heygen.ai/avatar/v3/0cd9d7795dba4acca0982dc5a59a5975_39560/preview_video_target.mp4
Gerardo_standing_nightscene_front,Gerardo Night Scene Front,male,https://files2.heygen.ai/avatar/v3/11af9745b4fb470bad72bf5496a12007_39550/preview_target.webp,https://files2.heygen.ai/avatar/v3/11af9745b4fb470bad72bf5496a12007_39550/preview_video_target.mp4
Gerardo_standing_outdoorsport_front,Gerardo Outdoor Sport Front,male,https://files2.heygen.ai/avatar/v3/ee7686e267ba4af2a6eec2fe349ed6a1_39410/preview_target.webp,https://files2.heygen.ai/avatar/v3/ee7686e267ba4af2a6eec2fe349ed6a1_39410/preview_video_target.mp4
Gerardo_standing_outdoorsport_side,Gerardo Outdoor Sport Side,male,https://files2.heygen.ai/avatar/v3/c6f043fd0c804e83944a732d8af5d329_39490/preview_target.webp,https://files2.heygen.ai/avatar/v3/c6f043fd0c804e83944a732d8af5d329_39490/preview_video_target.mp4
Gerardo_sitting_sofa_front,Gerardo Sofa Front,male,https://files2.heygen.ai/avatar/v3/64e4d35dddc54c92a98328cd2a921bb2_39600/preview_target.webp,https://files2.heygen.ai/avatar/v3/64e4d35dddc54c92a98328cd2a921bb2_39600/preview_video_target.mp4
Giulia_standing_office_front,Giulia Office Front 2,female,https://files2.heygen.ai/avatar/v3/80f65ad6ce5f4e85b3489a663008b130_37440/preview_talk_1.webp,https://files2.heygen.ai/avatar/v3/80f65ad6ce5f4e85b3489a663008b130_37440/preview_video_talk_1.mp4
Giulia_sitting_office_front,Giulia Office Front,female,https://files2.heygen.ai/avatar/v3/9d6af555388045e2bd0613321b815ef3_37440/preview_target.webp,https://files2.heygen.ai/avatar/v3/9d6af555388045e2bd0613321b815ef3_37440/preview_video_target.mp4
Giulia_standing_office_side,Giulia Office Side 2,female,https://files2.heygen.ai/avatar/v3/7b651f125d7a444f805fe650e6d8cae3_37450/preview_talk_1.webp,https://files2.heygen.ai/avatar/v3/7b651f125d7a444f805fe650e6d8cae3_37450/preview_video_talk_1.mp4
Giulia_sitting_office_side,Giulia Office Side,female,https://files2.heygen.ai/avatar/v3/4548d30469b4469bbf3778d603d502f9_37450/preview_target.webp,https://files2.heygen.ai/avatar/v3/4548d30469b4469bbf3778d603d502f9_37450/preview_video_target.mp4
Giulia_sitting_sofa_front,Giulia Sofa Front,female,https://files2.heygen.ai/avatar/v3/c120df50527f4a8e93f2d6fab98aa335_37400/preview_target.webp,https://files2.heygen.ai/avatar/v3/c120df50527f4a8e93f2d6fab98aa335_37400/preview_video_target.mp4
Giulia_sitting_sofa_side,Giulia Sofa Side,female,https://files2.heygen.ai/avatar/v3/5e60879e278a42a8a8bd1850aab6dff9_37410/preview_target.webp,https://files2.heygen.ai/avatar/v3/5e60879e278a42a8a8bd1850aab6dff9_37410/preview_video_target.mp4
Giulia_standing_sofa_front,Giulia Sofa  Front 2,female,https://files2.heygen.ai/avatar/v3/b0f22026f8ae46db8099bd02e3472977_37400/preview_talk_1.webp,https://files2.heygen.ai/avatar/v3/b0f22026f8ae46db8099bd02e3472977_37400/preview_video_talk_1.mp4
Giulia_standing_sofa_side,Giulia Sofa  Side 3,female,https://files2.heygen.ai/avatar/v3/55854c68aff34a2c8da13df11ff354c2_37410/preview_talk_1.webp,https://files2.heygen.ai/avatar/v3/55854c68aff34a2c8da13df11ff354c2_37410/preview_video_talk_1.mp4
Ida_sitting_lounge_front,Ida Lounge Front 2,female,https://files2.heygen.ai/avatar/v3/9b3158190121468c92b74fd59cb2a349_38110/preview_talk_1.webp,https://files2.heygen.ai/avatar/v3/9b3158190121468c92b74fd59cb2a349_38110/preview_video_talk_1.mp4
Ida_standing_lounge_front,Ida Lounge Front,female,https://files2.heygen.ai/avatar/v3/6f8a40c394b547339572c92540cf1f70_38110/preview_target.webp,https://files2.heygen.ai/avatar/v3/6f8a40c394b547339572c92540cf1f70_38110/preview_video_target.mp4
Ida_sitting_lounge_side,Ida Lounge Side 2,female,https://files2.heygen.ai/avatar/v3/01abf34f669e46f6b63816a3b4db8c2b_38120/preview_talk_1.webp,https://files2.heygen.ai/avatar/v3/01abf34f669e46f6b63816a3b4db8c2b_38120/preview_video_talk_1.mp4
Ida_standing_lounge_side,Ida Lounge Side,female,https://files2.heygen.ai/avatar/v3/cdeafe31b47a406da4ef31f631b9237e_38120/preview_target.webp,https://files2.heygen.ai/avatar/v3/cdeafe31b47a406da4ef31f631b9237e_38120/preview_video_target.mp4
Ida_standing_sofa_front,Ida Sofa Front 2,female,https://files2.heygen.ai/avatar/v3/3968fde1e2ab4cccaf79bae77e7b7387_37940/preview_target.webp,https://files2.heygen.ai/avatar/v3/3968fde1e2ab4cccaf79bae77e7b7387_37940/preview_video_target.mp4
Ida_sitting_sofa_front,Ida Sofa Front,female,https://files2.heygen.ai/avatar/v3/d70b6fe0626f44069a393baa6ede6315_37940/preview_talk_1.webp,https://files2.heygen.ai/avatar/v3/d70b6fe0626f44069a393baa6ede6315_37940/preview_video_talk_1.mp4
Ida_standing_sofa_side,Ida Sofa Side 2,female,https://files2.heygen.ai/avatar/v3/591c6df250d042fc907365186511eed4_37950/preview_target.webp,https://files2.heygen.ai/avatar/v3/591c6df250d042fc907365186511eed4_37950/preview_video_target.mp4
Ida_sitting_sofa_side,Ida Sofa Side,female,https://files2.heygen.ai/avatar/v3/d4430f0a543f493f92339928fb3cad37_37960/preview_target.webp,https://files2.heygen.ai/avatar/v3/d4430f0a543f493f92339928fb3cad37_37960/preview_video_target.mp4
Jin_Casual_Sitting_Front_public,Jin Casual Sitting Front,female,https://files2.heygen.ai/avatar/v3/04c7ae8760d149bb8717d29fedf2b84b_43380/preview_talk_1.webp,https://files2.heygen.ai/avatar/v3/04c7ae8760d149bb8717d29fedf2b84b_43380/preview_video_talk_1.mp4
Jin_Casual_Sitting_Side_public,Jin Casual Sitting Side,female,https://files2.heygen.ai/avatar/v3/487e90522be14c76a050b213a1448e55_43390/preview_talk_2.webp,https://files2.heygen.ai/avatar/v3/487e90522be14c76a050b213a1448e55_43390/preview_video_talk_2.mp4
Jin_Vest_Front_public,Jin Vest Front,female,https://files2.heygen.ai/avatar/v3/d2e79d47a2464bdbb0062f46b51630dc_43400/preview_talk_1.webp,https://files2.heygen.ai/avatar/v3/d2e79d47a2464bdbb0062f46b51630dc_43400/preview_video_talk_1.mp4
Jin_Vest_Side_public,Jin Vest Side,female,https://files2.heygen.ai/avatar/v3/8bbe48df011d4a79abe4086acc63dac4_43410/preview_talk_1.webp,https://files2.heygen.ai/avatar/v3/8bbe48df011d4a79abe4086acc63dac4_43410/preview_video_talk_1.mp4
Jin_Vest_Sitting_Front_public,Jin Vest Sitting Front,female,https://files2.heygen.ai/avatar/v3/e76da3050bbd4e7ba05f99986c8ed594_43400/preview_talk_2.webp,https://files2.heygen.ai/avatar/v3/e76da3050bbd4e7ba05f99986c8ed594_43400/preview_video_talk_2.mp4
Jin_Vest_Sitting_Side_public,Jin Vest Sitting Side,female,https://files2.heygen.ai/avatar/v3/f643dd66c5a94239ac94812976e4eebb_43410/preview_talk_2.webp,https://files2.heygen.ai/avatar/v3/f643dd66c5a94239ac94812976e4eebb_43410/preview_video_talk_2.mp4
Jocelyn_standing_office_front,Jocelyn Office Front 2,female,https://files2.heygen.ai/avatar/v3/52491deef4b242c2898192f07743d4ce_36750/preview_target.webp,https://files2.heygen.ai/avatar/v3/52491deef4b242c2898192f07743d4ce_36750/preview_video_target.mp4
Jocelyn_sitting_office_front,Jocelyn Office Front,female,https://files2.heygen.ai/avatar/v3/ec29586b231045748569b7576aa1d6a3_36760/preview_talk_2.webp,https://files2.heygen.ai/avatar/v3/ec29586b231045748569b7576aa1d6a3_36760/preview_video_talk_2.mp4
Jocelyn_standing_office_side,Jocelyn Office Side 2,female,https://files2.heygen.ai/avatar/v3/47f18af1b24747798d4fa32dbfa79ed9_36740/preview_target.webp,https://files2.heygen.ai/avatar/v3/47f18af1b24747798d4fa32dbfa79ed9_36740/preview_video_target.mp4
Jocelyn_sitting_office_side,Jocelyn Office Side,female,https://files2.heygen.ai/avatar/v3/d8ff1a875fef4416bef4fa617558ed69_36770/preview_talk_1.webp,https://files2.heygen.ai/avatar/v3/d8ff1a875fef4416bef4fa617558ed69_36770/preview_video_talk_1.mp4
Jocelyn_standing_sofa_front,Jocelyn Sofa Front 2,female,https://files2.heygen.ai/avatar/v3/24ae8e68ba1d44a3bfd928e33459a399_36680/preview_talk_4.webp,https://files2.heygen.ai/avatar/v3/24ae8e68ba1d44a3bfd928e33459a399_36680/preview_video_talk_4.mp4
Jocelyn_sitting_sofa_front,Jocelyn Sofa Front,female,https://files2.heygen.ai/avatar/v3/3019184debd34a2e8206c441cad2289d_36670/preview_target.webp,https://files2.heygen.ai/avatar/v3/3019184debd34a2e8206c441cad2289d_36670/preview_video_target.mp4
Jocelyn_standing_sofa_side,Jocelyn Sofa Side 2,female,https://files2.heygen.ai/avatar/v3/b44135a6206e4e58b913c5e090a39597_36690/preview_talk_3.webp,https://files2.heygen.ai/avatar/v3/b44135a6206e4e58b913c5e090a39597_36690/preview_video_talk_3.mp4
Jocelyn_sitting_sofa_side,Jocelyn Sofa Side,female,https://files2.heygen.ai/avatar/v3/56f4c5e2157d47578ad209a08d4c0324_36660/preview_talk_1.webp,https://files2.heygen.ai/avatar/v3/56f4c5e2157d47578ad209a08d4c0324_36660/preview_video_talk_1.mp4
Joel_sitting_couch_front,Joel Couch Front,male,https://files2.heygen.ai/avatar/v3/812e4c922e0d4ba0b2c5a21a0dd43fb1_39100/preview_target.webp,https://files2.heygen.ai/avatar/v3/812e4c922e0d4ba0b2c5a21a0dd43fb1_39100/preview_video_target.mp4
Joel_sitting_couch_side,Joel Couch Side,male,https://files2.heygen.ai/avatar/v3/9db20d88c7b74d9c8d458a0fda92839f_39110/preview_target.webp,https://files2.heygen.ai/avatar/v3/9db20d88c7b74d9c8d458a0fda92839f_39110/preview_video_target.mp4
Joel_standing_gym_front,Joel Gym Front,male,https://files2.heygen.ai/avatar/v3/b8a3c58ffefb4428a83030f5a9a5eed6_39100/preview_talk_4.webp,https://files2.heygen.ai/avatar/v3/b8a3c58ffefb4428a83030f5a9a5eed6_39100/preview_video_talk_4.mp4
Joel_standing_gym_side,Joel Gym Side,male,https://files2.heygen.ai/avatar/v3/d60f4de42c784e6e8ebe07958dd804be_39110/preview_talk_2.webp,https://files2.heygen.ai/avatar/v3/d60f4de42c784e6e8ebe07958dd804be_39110/preview_video_talk_2.mp4
Joel_standing_mountain_front,Joel Mountain Front,male,https://files2.heygen.ai/avatar/v3/c9bd3ad912fe448f917753ac55db2157_39100/preview_talk_2.webp,https://files2.heygen.ai/avatar/v3/c9bd3ad912fe448f917753ac55db2157_39100/preview_video_talk_2.mp4
Joel_standing_mountain_side,Joel Mountain Side,male,https://files2.heygen.ai/avatar/v3/40ad4cc57ad74b1ba3e0aaf39be1b9e1_39110/preview_talk_4.webp,https://files2.heygen.ai/avatar/v3/40ad4cc57ad74b1ba3e0aaf39be1b9e1_39110/preview_video_talk_4.mp4
Jonas_sitting_gym_front,Jonas Gym Front 2,male,https://files2.heygen.ai/avatar/v3/e66b500dd5034538835f52a71a6cae66_38730/preview_target.webp,https://files2.heygen.ai/avatar/v3/e66b500dd5034538835f52a71a6cae66_38730/preview_video_target.mp4
Jonas_standing_gym_front,Jonas Gym Front,male,https://files2.heygen.ai/avatar/v3/7cda83478bc14c07965b690934292a55_38730/preview_talk_1.webp,https://files2.heygen.ai/avatar/v3/7cda83478bc14c07965b690934292a55_38730/preview_video_talk_1.mp4
Jonas_standing_gym_side,Jonas Gym Side 2,male,https://files2.heygen.ai/avatar/v3/4dae6fb1f34c41fcac301ec9c7e9467a_38740/preview_talk_1.webp,https://files2.heygen.ai/avatar/v3/4dae6fb1f34c41fcac301ec9c7e9467a_38740/preview_video_talk_1.mp4
Jonas_sitting_gym_side,Jonas Gym Side ,male,https://files2.heygen.ai/avatar/v3/7d8cef0ba3f04af1a0ca33b3001c6db0_38740/preview_target.webp,https://files2.heygen.ai/avatar/v3/7d8cef0ba3f04af1a0ca33b3001c6db0_38740/preview_video_target.mp4
Juan_standing_office_front,June Office Front 2,male,https://files2.heygen.ai/avatar/v3/a603f3dcbf3c4db6b75ca2ea35a3a9ee_38910/preview_target.webp,https://files2.heygen.ai/avatar/v3/a603f3dcbf3c4db6b75ca2ea35a3a9ee_38910/preview_video_target.mp4
Juan_sitting_office_front,Juan Office Front,male,https://files2.heygen.ai/avatar/v3/88e941fd3b90448aa1366e3839a126a4_37750/preview_talk_5.webp,https://files2.heygen.ai/avatar/v3/88e941fd3b90448aa1366e3839a126a4_37750/preview_video_talk_5.mp4
Juan_standing_office_side,Juan Office Side 2,male,https://files2.heygen.ai/avatar/v3/98ad0dbc87334362addae4c56b8e5add_38010/preview_target.webp,https://files2.heygen.ai/avatar/v3/98ad0dbc87334362addae4c56b8e5add_38010/preview_video_target.mp4
Juan_sitting_office_side,Juan Office Side,male,https://files2.heygen.ai/avatar/v3/f1d2170d0d72439dbff597c801b8fce3_37750/preview_talk_6.webp,https://files2.heygen.ai/avatar/v3/f1d2170d0d72439dbff597c801b8fce3_37750/preview_video_talk_6.mp4
Juan_standing_sofa_front,Juan Sofa Front 2,male,https://files2.heygen.ai/avatar/v3/f87e6f6954844d8881669e5686e66b79_38020/preview_talk_1.webp,https://files2.heygen.ai/avatar/v3/f87e6f6954844d8881669e5686e66b79_38020/preview_video_talk_1.mp4
Juan_sitting_sofa_front,Juan Sofa Front,male,https://files2.heygen.ai/avatar/v3/2fe0f56a53ec41feb071aa1541c7b80f_37750/preview_talk_3.webp,https://files2.heygen.ai/avatar/v3/2fe0f56a53ec41feb071aa1541c7b80f_37750/preview_video_talk_3.mp4
Juan_standing_sofa_side,Juan Sofa Side 2,male,https://files2.heygen.ai/avatar/v3/ae2530fb96374adebfc6e3b6c0fd8931_37760/preview_talk_4.webp,https://files2.heygen.ai/avatar/v3/ae2530fb96374adebfc6e3b6c0fd8931_37760/preview_video_talk_4.mp4
Juan_sitting_sofa_side,Juan Sofa Side,male,https://files2.heygen.ai/avatar/v3/d92013ef9f594744b50ca39d10926d49_37750/preview_talk_2.webp,https://files2.heygen.ai/avatar/v3/d92013ef9f594744b50ca39d10926d49_37750/preview_video_talk_2.mp4
Judita_standing_yoga_front,Judita Yoga Front 2,female,https://files2.heygen.ai/avatar/v3/4d353f3140b245188cf495976e79312a_38690/preview_target.webp,https://files2.heygen.ai/avatar/v3/4d353f3140b245188cf495976e79312a_38690/preview_video_target.mp4
Judita_sitting_yoga_front,Judita Yoga Front,female,https://files2.heygen.ai/avatar/v3/01bf1b75c57e4c99b143b1d185beb21c_38690/preview_talk_1.webp,https://files2.heygen.ai/avatar/v3/01bf1b75c57e4c99b143b1d185beb21c_38690/preview_video_talk_1.mp4
Judita_standing_yoga_side,Judita Yoga Side 2,female,https://files2.heygen.ai/avatar/v3/15b6f2f7e8c84384bbc59be99a23eb01_38700/preview_talk_1.webp,https://files2.heygen.ai/avatar/v3/15b6f2f7e8c84384bbc59be99a23eb01_38700/preview_video_talk_1.mp4
Judita_sitting_yoga_side,Judita Yoga Side,female,https://files2.heygen.ai/avatar/v3/ceff773b835a441abfac40f06475cc69_38700/preview_target.webp,https://files2.heygen.ai/avatar/v3/ceff773b835a441abfac40f06475cc69_38700/preview_video_target.mp4
Judy_Nurse_Front_public,Judy Nurse Front,female,https://files2.heygen.ai/avatar/v3/5d360b50467145cf80d6398d65028f6b_43240/preview_target.webp,https://files2.heygen.ai/avatar/v3/5d360b50467145cf80d6398d65028f6b_43240/preview_video_target.mp4
Judy_Nurse_Side_public,Judy Nurse Side,female,https://files2.heygen.ai/avatar/v3/f2144fa87b3143a490471ee015b941b4_43250/preview_target.webp,https://files2.heygen.ai/avatar/v3/f2144fa87b3143a490471ee015b941b4_43250/preview_video_target.mp4
June_sitting_office_front,June Office Front,female,https://files2.heygen.ai/avatar/v3/251ff4bcc6b8474991c9922146f73093_38910/preview_talk_1.webp,https://files2.heygen.ai/avatar/v3/251ff4bcc6b8474991c9922146f73093_38910/preview_video_talk_1.mp4
June_standing_office_side,June Office Side 2,female,https://files2.heygen.ai/avatar/v3/c6564b06a89a4b46b94ce065e21659dc_38900/preview_talk_1.webp,https://files2.heygen.ai/avatar/v3/c6564b06a89a4b46b94ce065e21659dc_38900/preview_video_talk_1.mp4
June_sitting_office_side,June Office Side,female,https://files2.heygen.ai/avatar/v3/6e26a23d50914a37a2c2fedc9ae9925b_38900/preview_target.webp,https://files2.heygen.ai/avatar/v3/6e26a23d50914a37a2c2fedc9ae9925b_38900/preview_video_target.mp4
Juan_standing_sofacasual_front,June Sofa Casual Front 2,female,https://files2.heygen.ai/avatar/v3/dd930d203c7d4ae4ac94b66c8ade49bb_38910/preview_talk_3.webp,https://files2.heygen.ai/avatar/v3/dd930d203c7d4ae4ac94b66c8ade49bb_38910/preview_video_talk_3.mp4
Juan_sitting_sofacasual_front,June Sofa Casual Front,female,https://files2.heygen.ai/avatar/v3/809a54ee11864a7c9d869fad045e57c6_38910/preview_talk_2.webp,https://files2.heygen.ai/avatar/v3/809a54ee11864a7c9d869fad045e57c6_38910/preview_video_talk_2.mp4
June_standing_sofacasual_side,June Sofa Casual Side 2,female,https://files2.heygen.ai/avatar/v3/39c7a3ecded342c895f73fd3d5956acf_38900/preview_talk_3.webp,https://files2.heygen.ai/avatar/v3/39c7a3ecded342c895f73fd3d5956acf_38900/preview_video_talk_3.mp4
June_sitting_sofacasual_side,June Sofa Casual Side,female,https://files2.heygen.ai/avatar/v3/074ce0017cbf4199926e898a98539724_38900/preview_talk_2.webp,https://files2.heygen.ai/avatar/v3/074ce0017cbf4199926e898a98539724_38900/preview_video_talk_2.mp4
Karolin_public_20230109,Karolin in Black Suit,female,https://files2.heygen.ai/avatar/v3/77aac0edfba14076b140a4d151dd180c_13140/preview_talk_4.webp,https://files2.heygen.ai/avatar/v3/77aac0edfba14076b140a4d151dd180c_13140/preview_video_talk_4.mp4
Kavya_standing_indoor_front,Kavya Indoor Front,female,https://files2.heygen.ai/avatar/v3/cc0dc576a0b249759f8e26fd892e1a76_39540/preview_target.webp,https://files2.heygen.ai/avatar/v3/cc0dc576a0b249759f8e26fd892e1a76_39540/preview_video_target.mp4
Kavya_standing_indoor_side,Kavya Indoor Side,female,https://files2.heygen.ai/avatar/v3/d640fcc06f304f4aab78766bc161c982_39630/preview_target.webp,https://files2.heygen.ai/avatar/v3/d640fcc06f304f4aab78766bc161c982_39630/preview_video_target.mp4
Kavya_standing_outdoor_side,Kavya Outdoor Side,female,https://files2.heygen.ai/avatar/v3/8eac6460a57747359330bfcfa0abbe96_39670/preview_target.webp,https://files2.heygen.ai/avatar/v3/8eac6460a57747359330bfcfa0abbe96_39670/preview_video_target.mp4
Kavya_standing_outdoorsport_front,Kavya Outdoor Sport Front,female,https://files2.heygen.ai/avatar/v3/56470a9a70304e25a1f67f1b8d1d28d2_39380/preview_talk_1.webp,https://files2.heygen.ai/avatar/v3/56470a9a70304e25a1f67f1b8d1d28d2_39380/preview_video_talk_1.mp4
Kavya_standing_outdoorsport_side,Kavya Outdoor Sport Side,female,https://files2.heygen.ai/avatar/v3/37481bb8748940fb87ba3fcafaaa2539_39470/preview_target.webp,https://files2.heygen.ai/avatar/v3/37481bb8748940fb87ba3fcafaaa2539_39470/preview_video_target.mp4
Kavya_sitting_sofa_front,Kavya Sofa Front,female,https://files2.heygen.ai/avatar/v3/7ce2094fd02547ae8a859d72c1b5c5bc_39590/preview_target.webp,https://files2.heygen.ai/avatar/v3/7ce2094fd02547ae8a859d72c1b5c5bc_39590/preview_video_target.mp4
Kavya_sitting_sofa_side,Kavya Sofa Side,female,https://files2.heygen.ai/avatar/v3/23a34d8f91754a4d9855420362330358_39700/preview_target.webp,https://files2.heygen.ai/avatar/v3/23a34d8f91754a4d9855420362330358_39700/preview_video_target.mp4
Kelly_Pink_Shirt_Front,Kelly in Pink Shirt (Front),female,https://files2.heygen.ai/avatar/v3/e3b245bcf41b497da8d5f6dedddf3fdc_34380/preview_talk_1.webp,https://files2.heygen.ai/avatar/v3/e3b245bcf41b497da8d5f6dedddf3fdc_34380/preview_video_talk_1.mp4
Kelly_Pink_Shirt_Left,Kelly in Pink Shirt (Left),female,https://files2.heygen.ai/avatar/v3/68e38a4ca8354698a6a2a98094a92dc8_34390/preview_talk_1.webp,https://files2.heygen.ai/avatar/v3/68e38a4ca8354698a6a2a98094a92dc8_34390/preview_video_talk_1.mp4
Kelly_Pink_Shirt_Right,Kelly in Pink Shirt (Right),female,https://files2.heygen.ai/avatar/v3/f0d42e29dde746e7a8bfe17626b8c08a_34400/preview_talk_1.webp,https://files2.heygen.ai/avatar/v3/f0d42e29dde746e7a8bfe17626b8c08a_34400/preview_video_talk_1.mp4
Kristin_public_2_20240108,Kristin in Black Suit,female,https://files2.heygen.ai/avatar/v3/f94222a03cee4adaa110761a374cfadc_13181/preview_talk_5.webp,https://files2.heygen.ai/avatar/v3/f94222a03cee4adaa110761a374cfadc_13181/preview_video_talk_5.mp4
Leos_standing_office_front,Leos Office Front 2,male,https://files2.heygen.ai/avatar/v3/aab1172d472e474e98a85e262dab0dae_38050/preview_talk_1.webp,https://files2.heygen.ai/avatar/v3/aab1172d472e474e98a85e262dab0dae_38050/preview_video_talk_1.mp4
Leos_sitting_office_front,Leos Office Front,male,https://files2.heygen.ai/avatar/v3/167f0f21269445be8eb3964aee62bbad_38050/preview_target.webp,https://files2.heygen.ai/avatar/v3/167f0f21269445be8eb3964aee62bbad_38050/preview_video_target.mp4
Leos_standing_office_side,Leos Office Side 2,male,https://files2.heygen.ai/avatar/v3/bb7d7a3065934a589ce70b208624edfd_38060/preview_talk_1.webp,https://files2.heygen.ai/avatar/v3/bb7d7a3065934a589ce70b208624edfd_38060/preview_video_talk_1.mp4
Leos_sitting_office_side,Leos Office Side,male,https://files2.heygen.ai/avatar/v3/774bc8aa4baa452ea438af6ae7a7ab3d_38060/preview_target.webp,https://files2.heygen.ai/avatar/v3/774bc8aa4baa452ea438af6ae7a7ab3d_38060/preview_video_target.mp4
Leos_standing_sofa_front,Leos Sofa Front 2,male,https://files2.heygen.ai/avatar/v3/038adceb6f2a443099edf51f2836e12b_38260/preview_talk_1.webp,https://files2.heygen.ai/avatar/v3/038adceb6f2a443099edf51f2836e12b_38260/preview_video_talk_1.mp4
Leos_sitting_sofa_front,Leos Sofa Front,male,https://files2.heygen.ai/avatar/v3/4da0419e57454aab9e321f42aa972375_38260/preview_target.webp,https://files2.heygen.ai/avatar/v3/4da0419e57454aab9e321f42aa972375_38260/preview_video_target.mp4
Leos_standing_sofa_side,Leos Sofa Side 2,male,https://files2.heygen.ai/avatar/v3/dcbef159fe8047c88710734ecd77dc63_38270/preview_talk_1.webp,https://files2.heygen.ai/avatar/v3/dcbef159fe8047c88710734ecd77dc63_38270/preview_video_talk_1.mp4
Leos_sitting_sofa_side,Leos Sofa Side,male,https://files2.heygen.ai/avatar/v3/62caaf8e206a413e9783ce865b116832_38270/preview_target.webp,https://files2.heygen.ai/avatar/v3/62caaf8e206a413e9783ce865b116832_38270/preview_video_target.mp4
Leszek_sitting_lounge_front,Leszek Lounge Front,male,https://files2.heygen.ai/avatar/v3/67f5c5d34f304271a3d25de529ce669b_38490/preview_talk_1.webp,https://files2.heygen.ai/avatar/v3/67f5c5d34f304271a3d25de529ce669b_38490/preview_video_talk_1.mp4
Leszek_sitting_lounge_side,Leszek Lounge Side,male,https://files2.heygen.ai/avatar/v3/1995ed4d96bd4879937e7cbaae09eb4f_38500/preview_talk_2.webp,https://files2.heygen.ai/avatar/v3/1995ed4d96bd4879937e7cbaae09eb4f_38500/preview_video_talk_2.mp4
Leszek_standing_outdoorbusiness_front,Leszek Outdoor Business Front,male,https://files2.heygen.ai/avatar/v3/2536850380f14112b84b9dfa0ce5a8fb_38410/preview_target.webp,https://files2.heygen.ai/avatar/v3/2536850380f14112b84b9dfa0ce5a8fb_38410/preview_video_target.mp4
Leszek_standing_outdoorbusiness_side,Leszek Outdoor Business Side,male,https://files2.heygen.ai/avatar/v3/050132ae00574515a38afaf93820c80d_38400/preview_target.webp,https://files2.heygen.ai/avatar/v3/050132ae00574515a38afaf93820c80d_38400/preview_video_target.mp4
Leszek_standing_outdoorcasual_front,Leszek Outdoor Casual Front,male,https://files2.heygen.ai/avatar/v3/0b4a8f1afbe7449b9f06020ef550e486_38410/preview_talk_1.webp,https://files2.heygen.ai/avatar/v3/0b4a8f1afbe7449b9f06020ef550e486_38410/preview_video_talk_1.mp4
Leszek_standing_outdoorcasual_side,Leszek Outdoor Casual Side,male,https://files2.heygen.ai/avatar/v3/0380256385f64860b4fa5cb67661212d_38400/preview_talk_1.webp,https://files2.heygen.ai/avatar/v3/0380256385f64860b4fa5cb67661212d_38400/preview_video_talk_1.mp4
Leszek_sitting_sofa_front,Leszek Sofa Front,male,https://files2.heygen.ai/avatar/v3/6bcdc43cd4be4b098f3338aefb83fe4c_38490/preview_talk_2.webp,https://files2.heygen.ai/avatar/v3/6bcdc43cd4be4b098f3338aefb83fe4c_38490/preview_video_talk_2.mp4
Leszek_sitting_sofa_side,Leszek Sofa Side,male,https://files2.heygen.ai/avatar/v3/225b314b878f4cdc88a378a08e346610_38500/preview_target.webp,https://files2.heygen.ai/avatar/v3/225b314b878f4cdc88a378a08e346610_38500/preview_video_target.mp4
Lily_public_lite1_20230601,Leah,female,https://files2.heygen.ai/avatar/v3/b596c0849b7942778ad27f63c5995e33_2626/preview_talk_1.webp,https://files2.heygen.ai/avatar/v3/b596c0849b7942778ad27f63c5995e33_2626/preview_video_talk_1.mp4
Lindiwe_standing_lounge_front,Lindiwe Lounge Front 2,female,https://files2.heygen.ai/avatar/v3/7c8b23fdc76245949ce9faff8dbfcdbc_37600/preview_target.webp,https://files2.heygen.ai/avatar/v3/7c8b23fdc76245949ce9faff8dbfcdbc_37600/preview_video_target.mp4
Lindiwe_sitting_lounge_front,Lindiwe Lounge Front,female,https://files2.heygen.ai/avatar/v3/2e4e61ab29cf4ea39594c386fd16bdfa_37590/preview_target.webp,https://files2.heygen.ai/avatar/v3/2e4e61ab29cf4ea39594c386fd16bdfa_37590/preview_video_target.mp4
Lindiwe_standing_lounge_side,Lindiwe Lounge Side 2,female,https://files2.heygen.ai/avatar/v3/010c467cc97c4081a8f556c7e0e8e8b7_37610/preview_target.webp,https://files2.heygen.ai/avatar/v3/010c467cc97c4081a8f556c7e0e8e8b7_37610/preview_video_target.mp4
Lindiwe_sitting_lounge_side,Lindiwe Lounge Side,female,https://files2.heygen.ai/avatar/v3/ba066c0c9a9a479d800b1f5f9ac5ee4a_37580/preview_talk_1.webp,https://files2.heygen.ai/avatar/v3/ba066c0c9a9a479d800b1f5f9ac5ee4a_37580/preview_video_talk_1.mp4
Lindiwe_standing_office_front,Lindiwe Office Front 2,female,https://files2.heygen.ai/avatar/v3/1078424d53474b42bff67530381084b2_37660/preview_talk_2.webp,https://files2.heygen.ai/avatar/v3/1078424d53474b42bff67530381084b2_37660/preview_video_talk_2.mp4
Lindiwe_sitting_office_front,Lindiwe Office Front,female,https://files2.heygen.ai/avatar/v3/8497d541ca504e73bd8a2105edcb2104_37660/preview_talk_1.webp,https://files2.heygen.ai/avatar/v3/8497d541ca504e73bd8a2105edcb2104_37660/preview_video_talk_1.mp4
Lindiwe_standing_office_side,Lindiwe Office Side 2,female,https://files2.heygen.ai/avatar/v3/44a4c6decaa341a2b9f48e2f0d6d9fca_38440/preview_target.webp,https://files2.heygen.ai/avatar/v3/44a4c6decaa341a2b9f48e2f0d6d9fca_38440/preview_video_target.mp4
Lindiwe_sitting_office_side,Lindiwe Office Side,female,https://files2.heygen.ai/avatar/v3/e52d3897dce14eaf8e1bb68a23dfdb45_37650/preview_talk_1.webp,https://files2.heygen.ai/avatar/v3/e52d3897dce14eaf8e1bb68a23dfdb45_37650/preview_video_talk_1.mp4
Luke_public_3_20240306,Luke in Blue Suit,male,https://files2.heygen.ai/avatar/v3/c326a7d470be4cd0b949cde567a68567_14857/preview_talk_3.webp,https://files2.heygen.ai/avatar/v3/c326a7d470be4cd0b949cde567a68567_14857/preview_video_talk_3.mp4
Maria_public_20240111,Maria in Sweater,female,https://files2.heygen.ai/avatar/v3/59f9b51a1c3c4218a74dd324b0ac9e1e_13310/preview_talk_3.webp,https://files2.heygen.ai/avatar/v3/59f9b51a1c3c4218a74dd324b0ac9e1e_13310/preview_video_talk_3.mp4
Martina_standing_office_front,Martina Office Front 2,female,https://files2.heygen.ai/avatar/v3/25257e48e8034131a3a055b234cd4683_38090/preview_talk_1.webp,https://files2.heygen.ai/avatar/v3/25257e48e8034131a3a055b234cd4683_38090/preview_video_talk_1.mp4
Martina_sitting_office_front,Martina Office Front,female,https://files2.heygen.ai/avatar/v3/9712d1bcebed4c5d9869d36af796a532_38090/preview_target.webp,https://files2.heygen.ai/avatar/v3/9712d1bcebed4c5d9869d36af796a532_38090/preview_video_target.mp4
Martina_standing_office_side,Martina Office Side 2,female,https://files2.heygen.ai/avatar/v3/fd973e3d6bbd4954a42ee559a2bff6e6_38100/preview_talk_1.webp,https://files2.heygen.ai/avatar/v3/fd973e3d6bbd4954a42ee559a2bff6e6_38100/preview_video_talk_1.mp4
Martina_sitting_office_side,Martina Office Side,female,https://files2.heygen.ai/avatar/v3/59c8f4452d1f461c9404568f189df4f3_38100/preview_target.webp,https://files2.heygen.ai/avatar/v3/59c8f4452d1f461c9404568f189df4f3_38100/preview_video_target.mp4
Martina_standing_sofa_front,Martina Sofa Front 2,female,https://files2.heygen.ai/avatar/v3/48b6894526c84bdda40330d3325df5fa_38790/preview_target.webp,https://files2.heygen.ai/avatar/v3/48b6894526c84bdda40330d3325df5fa_38790/preview_video_target.mp4
Martina_sitting_sofa_front,Martina Sofa Front,female,https://files2.heygen.ai/avatar/v3/fd17e321d8bb460487ab34acf75eeae7_38300/preview_target.webp,https://files2.heygen.ai/avatar/v3/fd17e321d8bb460487ab34acf75eeae7_38300/preview_video_target.mp4
Martina_standing_sofa_side,Martina Sofa Side 2,female,https://files2.heygen.ai/avatar/v3/a1c55173e68245ad886a30cce161c351_38310/preview_talk_1.webp,https://files2.heygen.ai/avatar/v3/a1c55173e68245ad886a30cce161c351_38310/preview_video_talk_1.mp4
Martina_sitting_sofa_side,Martina Sofa Side,female,https://files2.heygen.ai/avatar/v3/88e9c715d39f45869626baee48cf6249_38310/preview_target.webp,https://files2.heygen.ai/avatar/v3/88e9c715d39f45869626baee48cf6249_38310/preview_video_target.mp4
Masha_standing_office_front,Masha Office Front 2,female,https://files2.heygen.ai/avatar/v3/e2b628b892a740efbde8a8bf9371d410_37860/preview_talk_2.webp,https://files2.heygen.ai/avatar/v3/e2b628b892a740efbde8a8bf9371d410_37860/preview_video_talk_2.mp4
Masha_sitting_office_front,Masha Office Front,female,https://files2.heygen.ai/avatar/v3/a295712797d54bf4b6426c5e8593909a_37860/preview_talk_3.webp,https://files2.heygen.ai/avatar/v3/a295712797d54bf4b6426c5e8593909a_37860/preview_video_talk_3.mp4
Masha_standing_office_side,Masha Office Side 2,female,https://files2.heygen.ai/avatar/v3/26715cbc2f664a4798da60f6b8118da1_37880/preview_talk_1.webp,https://files2.heygen.ai/avatar/v3/26715cbc2f664a4798da60f6b8118da1_37880/preview_video_talk_1.mp4
Masha_sitting_office_side,Masha Office Side,female,https://files2.heygen.ai/avatar/v3/16b1efeaaa274e65904d0edfa720067e_37880/preview_target.webp,https://files2.heygen.ai/avatar/v3/16b1efeaaa274e65904d0edfa720067e_37880/preview_video_target.mp4
Masha_standing_sofacasual_front,Masha Sofa Casual Front 2,female,https://files2.heygen.ai/avatar/v3/174699c01e7c47e990196259a02e027d_37860/preview_talk_1.webp,https://files2.heygen.ai/avatar/v3/174699c01e7c47e990196259a02e027d_37860/preview_video_talk_1.mp4
Masha_sitting_sofacasual_front,Masha Sofa Casual Front,female,https://files2.heygen.ai/avatar/v3/42238f78ef4c49b6bfb77e7cd7913977_37860/preview_target.webp,https://files2.heygen.ai/avatar/v3/42238f78ef4c49b6bfb77e7cd7913977_37860/preview_video_target.mp4
Masha_standing_sofacasual_side,Masha Sofa Casual Side 2,female,https://files2.heygen.ai/avatar/v3/ad2f42ddac064e0b93e14bff4e1f9551_37870/preview_target.webp,https://files2.heygen.ai/avatar/v3/ad2f42ddac064e0b93e14bff4e1f9551_37870/preview_video_target.mp4
Masha_sitting_sofacasual_side,Masha Sofa Casual Side,female,https://files2.heygen.ai/avatar/v3/5059349cb10c4599a3c98ef45466382f_37870/preview_talk_1.webp,https://files2.heygen.ai/avatar/v3/5059349cb10c4599a3c98ef45466382f_37870/preview_video_talk_1.mp4
Mason_public_20240304,Mason in Blue Suit,male,https://files2.heygen.ai/avatar/v3/e7425ff40f38498085030cafa8108034_14757/preview_talk_3.webp,https://files2.heygen.ai/avatar/v3/e7425ff40f38498085030cafa8108034_14757/preview_video_talk_3.mp4
Matteo_standing_office_front,Matteo Office Front 2,male,https://files2.heygen.ai/avatar/v3/c4434f25263b4de48eafe838338272fe_37420/preview_talk_1.webp,https://files2.heygen.ai/avatar/v3/c4434f25263b4de48eafe838338272fe_37420/preview_video_talk_1.mp4
Matteo_sitting_office_front,Matteo Office Front,male,https://files2.heygen.ai/avatar/v3/600142856eb648cbb6786783d3fe25fd_37420/preview_target.webp,https://files2.heygen.ai/avatar/v3/600142856eb648cbb6786783d3fe25fd_37420/preview_video_target.mp4
Matteo_standing_office_side,Matteo Office Side 2,male,https://files2.heygen.ai/avatar/v3/d1526fb587854cfa839cd03749f0c1b9_37430/preview_talk_1.webp,https://files2.heygen.ai/avatar/v3/d1526fb587854cfa839cd03749f0c1b9_37430/preview_video_talk_1.mp4
Matteo_sitting_office_side,Matteo Office Side,male,https://files2.heygen.ai/avatar/v3/3b287941ebe2437fb8a6f4c313be1738_37430/preview_target.webp,https://files2.heygen.ai/avatar/v3/3b287941ebe2437fb8a6f4c313be1738_37430/preview_video_target.mp4
Matteo_standing_sofa_front,Matteo Sofa Front 2,male,https://files2.heygen.ai/avatar/v3/a63084fab5a14c509459500877a4f2c0_37380/preview_talk_1.webp,https://files2.heygen.ai/avatar/v3/a63084fab5a14c509459500877a4f2c0_37380/preview_video_talk_1.mp4
Matteo_sitting_sofa_front,Matteo Sofa Front,male,https://files2.heygen.ai/avatar/v3/3f123e7884aa4024ab9d623566449f1d_37380/preview_target.webp,https://files2.heygen.ai/avatar/v3/3f123e7884aa4024ab9d623566449f1d_37380/preview_video_target.mp4
Matteo_standing_sofa_side,Matteo Sofa Side 2,male,https://files2.heygen.ai/avatar/v3/6e3c56e3f2a04041836ae4449bdcb808_37390/preview_target.webp,https://files2.heygen.ai/avatar/v3/6e3c56e3f2a04041836ae4449bdcb808_37390/preview_video_target.mp4
Matteo_sitting_sofa_side,Matteo Sofa Side,male,https://files2.heygen.ai/avatar/v3/c1b5f6e2702140bea7658c9af83aaa19_37390/preview_talk_1.webp,https://files2.heygen.ai/avatar/v3/c1b5f6e2702140bea7658c9af83aaa19_37390/preview_video_talk_1.mp4
Max_sitting_indoor_front,Max Indoor Front,male,https://files2.heygen.ai/avatar/v3/5316bfe35e3a41a99af40650698e8ca4_39520/preview_target.webp,https://files2.heygen.ai/avatar/v3/5316bfe35e3a41a99af40650698e8ca4_39520/preview_video_target.mp4
Max_sitting_indoor_side,Max Indoor Side,male,https://files2.heygen.ai/avatar/v3/ea8708c75dd14ce1b0aa0f56addd79ff_39610/preview_target.webp,https://files2.heygen.ai/avatar/v3/ea8708c75dd14ce1b0aa0f56addd79ff_39610/preview_video_target.mp4
Max_standing_outdoorsport_front,Max Outdoor Sport Front,male,https://files2.heygen.ai/avatar/v3/613d8444f5264ee8997725a087ce520c_39390/preview_talk_2.webp,https://files2.heygen.ai/avatar/v3/613d8444f5264ee8997725a087ce520c_39390/preview_video_talk_2.mp4
Max_standing_outdoorsport_side,Max Outdoor Sport Side,male,https://files2.heygen.ai/avatar/v3/8d5321631a09475ab759d39f15d4de52_39480/preview_target.webp,https://files2.heygen.ai/avatar/v3/8d5321631a09475ab759d39f15d4de52_39480/preview_video_target.mp4
Milena_standing_office_front,Milena Office Front 2,female,https://files2.heygen.ai/avatar/v3/69d07b8f02194765befda0c2d2a9588d_37730/preview_talk_7.webp,https://files2.heygen.ai/avatar/v3/69d07b8f02194765befda0c2d2a9588d_37730/preview_video_talk_7.mp4
Milena_sitting_office_front,Milena Office Front,female,https://files2.heygen.ai/avatar/v3/732ab382194149198f3c29d85988890e_37740/preview_talk_4.webp,https://files2.heygen.ai/avatar/v3/732ab382194149198f3c29d85988890e_37740/preview_video_talk_4.mp4
Milena_standing_office_side,Milena Office Side 2,female,https://files2.heygen.ai/avatar/v3/82c60b4406aa4aa08449f0f4fb2604c0_38000/preview_talk_1.webp,https://files2.heygen.ai/avatar/v3/82c60b4406aa4aa08449f0f4fb2604c0_38000/preview_video_talk_1.mp4
Milena_sitting_office_side,Milena Office Side,female,https://files2.heygen.ai/avatar/v3/2c71265382fd443385abff2833c985c0_37740/preview_target.webp,https://files2.heygen.ai/avatar/v3/2c71265382fd443385abff2833c985c0_37740/preview_video_target.mp4
Milena_standing_sofa_front,Milena Sofa Front 2,female,https://files2.heygen.ai/avatar/v3/22a0b782d84f46ddac70d67212979d1d_37730/preview_talk_3.webp,https://files2.heygen.ai/avatar/v3/22a0b782d84f46ddac70d67212979d1d_37730/preview_video_talk_3.mp4
Milena_sitting_sofa_front,Milena Sofa Front,female,https://files2.heygen.ai/avatar/v3/0bfb786b43c147eea67f56152f469b37_37730/preview_talk_1.webp,https://files2.heygen.ai/avatar/v3/0bfb786b43c147eea67f56152f469b37_37730/preview_video_talk_1.mp4
Milena_standing_sofa_side,Milena Sofa Side 2,female,https://files2.heygen.ai/avatar/v3/4f0ed7f8c8d848e98a5e5ad1884be249_37740/preview_talk_5.webp,https://files2.heygen.ai/avatar/v3/4f0ed7f8c8d848e98a5e5ad1884be249_37740/preview_video_talk_5.mp4
Milena_sitting_sofa_side,Milena Sofa Side,female,https://files2.heygen.ai/avatar/v3/e4e069ceaa2143c8bdfd33c08c2cc1b1_37740/preview_talk_2.webp,https://files2.heygen.ai/avatar/v3/e4e069ceaa2143c8bdfd33c08c2cc1b1_37740/preview_video_talk_2.mp4
Miles_standing_outdoor_front,Miles Outdoor Front,male,https://files2.heygen.ai/avatar/v3/c18ac00b6a8c422c89aab25bf0182da3_37460/preview_talk_1.webp,https://files2.heygen.ai/avatar/v3/c18ac00b6a8c422c89aab25bf0182da3_37460/preview_video_talk_1.mp4
Miles_standing_outdoor_side,Miles Outdoor Side,male,https://files2.heygen.ai/avatar/v3/02f5b414d63e49e8905031b93f4784ae_37470/preview_talk_1.webp,https://files2.heygen.ai/avatar/v3/02f5b414d63e49e8905031b93f4784ae_37470/preview_video_talk_1.mp4
Miles_sitting_sofa_front,Miles Sofa Front 2,male,https://files2.heygen.ai/avatar/v3/185238c6e6824ec7b4bba8ea3d9650a2_37460/preview_talk_2.webp,https://files2.heygen.ai/avatar/v3/185238c6e6824ec7b4bba8ea3d9650a2_37460/preview_video_talk_2.mp4
Miles_standing_sofa_front,Miles Sofa Front,male,https://files2.heygen.ai/avatar/v3/2297b2619b784d6db35ce56c6a93c385_37460/preview_talk_3.webp,https://files2.heygen.ai/avatar/v3/2297b2619b784d6db35ce56c6a93c385_37460/preview_video_talk_3.mp4
Miles_sitting_sofa_side,Miles Sofa Side 2,male,https://files2.heygen.ai/avatar/v3/49d3cbae2df44edd9690b4ec329ada1f_37470/preview_talk_2.webp,https://files2.heygen.ai/avatar/v3/49d3cbae2df44edd9690b4ec329ada1f_37470/preview_video_talk_2.mp4
Miles_standing_sofa_side,Miles Sofa Side,male,https://files2.heygen.ai/avatar/v3/fcf2a5f6b1ba4e5c9582c49e0c52f8ad_37470/preview_talk_3.webp,https://files2.heygen.ai/avatar/v3/fcf2a5f6b1ba4e5c9582c49e0c52f8ad_37470/preview_video_talk_3.mp4
Mireia_sitting_businessindoor_front,Mireia Business Indoor Front,female,https://files2.heygen.ai/avatar/v3/216fc0bd22ce4456a7565d6ce3793125_39020/preview_talk_7.webp,https://files2.heygen.ai/avatar/v3/216fc0bd22ce4456a7565d6ce3793125_39020/preview_video_talk_7.mp4
Mireia_sitting_businessindoor_side,Mireia Business Indoor Side,female,https://files2.heygen.ai/avatar/v3/089414f8a06c4cf7a47d3a14a5019ce3_39050/preview_talk_3.webp,https://files2.heygen.ai/avatar/v3/089414f8a06c4cf7a47d3a14a5019ce3_39050/preview_video_talk_3.mp4
Mireia_sitting_outdoorchair_front,Mireia Outdoor Chair Front,female,https://files2.heygen.ai/avatar/v3/a6c1b75d2edc484f8f5d9a274aa55f00_39020/preview_talk_3.webp,https://files2.heygen.ai/avatar/v3/a6c1b75d2edc484f8f5d9a274aa55f00_39020/preview_video_talk_3.mp4
Mireia_standing_outdoor_front,Mireia Outdoor Front,female,https://files2.heygen.ai/avatar/v3/3c70eb76fb3b4631acbfd0ef6a2540e8_39020/preview_target.webp,https://files2.heygen.ai/avatar/v3/3c70eb76fb3b4631acbfd0ef6a2540e8_39020/preview_video_target.mp4
Mireia_standing_outdoor_side,Mireia Outdoor Side,female,https://files2.heygen.ai/avatar/v3/19f986f218ec4231b8154bfd24ddba45_39050/preview_target.webp,https://files2.heygen.ai/avatar/v3/19f986f218ec4231b8154bfd24ddba45_39050/preview_video_target.mp4
Mireia_sitting_outdoortable_front,Mireia Outdoor Table Front,female,https://files2.heygen.ai/avatar/v3/d6473c9b66c742138e45b05f2451d4ac_39020/preview_talk_5.webp,https://files2.heygen.ai/avatar/v3/d6473c9b66c742138e45b05f2451d4ac_39020/preview_video_talk_5.mp4
Mireia_sitting_outdoortable_side,Mireia Outdoor Table Side,female,https://files2.heygen.ai/avatar/v3/d6f671298a974005b092d2790516d2d2_39060/preview_target.webp,https://files2.heygen.ai/avatar/v3/d6f671298a974005b092d2790516d2d2_39060/preview_video_target.mp4
Miyu_sitting_office_front,Miyu Office Front 2,female,https://files2.heygen.ai/avatar/v3/845a1bdc03f84f15a668f9401797a661_37800/preview_talk_2.webp,https://files2.heygen.ai/avatar/v3/845a1bdc03f84f15a668f9401797a661_37800/preview_video_talk_2.mp4
Miyu_standing_office_front,Miyu Office Front,female,https://files2.heygen.ai/avatar/v3/673145fb1fa34b59a438db24b700fb08_37800/preview_talk_6.webp,https://files2.heygen.ai/avatar/v3/673145fb1fa34b59a438db24b700fb08_37800/preview_video_talk_6.mp4
Miyu_sitting_office_side,Miyu Office Side 2,female,https://files2.heygen.ai/avatar/v3/91a6bc464d714d2da4881c2e561235cc_37500/preview_target.webp,https://files2.heygen.ai/avatar/v3/91a6bc464d714d2da4881c2e561235cc_37500/preview_video_target.mp4
Miyu_standing_office_side,Miyu Office Side,female,https://files2.heygen.ai/avatar/v3/a59def73e84b44b09cc569f0511c1c8c_37500/preview_talk_6.webp,https://files2.heygen.ai/avatar/v3/a59def73e84b44b09cc569f0511c1c8c_37500/preview_video_talk_6.mp4
Miyu_sitting_sofabusiness_front,Miyu Sofa Business Front,female,https://files2.heygen.ai/avatar/v3/9aa7ff78e8db413d928776af36428403_37540/preview_talk_1.webp,https://files2.heygen.ai/avatar/v3/9aa7ff78e8db413d928776af36428403_37540/preview_video_talk_1.mp4
Miyu_sitting_sofabusiness_side,Miyu Sofa Business Side,female,https://files2.heygen.ai/avatar/v3/3087f1536485453dad659ccd912305a9_37550/preview_talk_1.webp,https://files2.heygen.ai/avatar/v3/3087f1536485453dad659ccd912305a9_37550/preview_video_talk_1.mp4
Miyu_sitting_sofacasual_front,Miyu Sofa Casual Front 2,female,https://files2.heygen.ai/avatar/v3/2a5c4cc52e8c4fc09c19d73aacde95a3_37810/preview_target.webp,https://files2.heygen.ai/avatar/v3/2a5c4cc52e8c4fc09c19d73aacde95a3_37810/preview_video_target.mp4
Miyu_standing_sofacasual_front,Miyu Sofa Casual Front,female,https://files2.heygen.ai/avatar/v3/93e28fce67c84bf095686a6d6af86a00_37810/preview_talk_4.webp,https://files2.heygen.ai/avatar/v3/93e28fce67c84bf095686a6d6af86a00_37810/preview_video_talk_4.mp4
Miyu_sitting_sofacasual_side,Miyu Sofa Casual Side 2 ,female,https://files2.heygen.ai/avatar/v3/4c5a7f8082fe4eb4a396f9c2c58f7fa0_37530/preview_talk_4.webp,https://files2.heygen.ai/avatar/v3/4c5a7f8082fe4eb4a396f9c2c58f7fa0_37530/preview_video_talk_4.mp4
Miyu_standing_sofacasual_side,Miyu Sofa Casual Side,female,https://files2.heygen.ai/avatar/v3/14aafc7022fa48ada98d21b7ebe47b04_37530/preview_target.webp,https://files2.heygen.ai/avatar/v3/14aafc7022fa48ada98d21b7ebe47b04_37530/preview_video_target.mp4
Noah_sitting_lobby_front,Noah Lobby Front 2,male,https://files2.heygen.ai/avatar/v3/9f2cd4dc7a234405b54994d57a94e727_39350/preview_talk_1.webp,https://files2.heygen.ai/avatar/v3/9f2cd4dc7a234405b54994d57a94e727_39350/preview_video_talk_1.mp4
Noah_standing_lobby_front,Noah Lobby Front,male,https://files2.heygen.ai/avatar/v3/32c5fd108f364c178cf538819f9ddc44_39350/preview_target.webp,https://files2.heygen.ai/avatar/v3/32c5fd108f364c178cf538819f9ddc44_39350/preview_video_target.mp4
Noah_standing_lobby_side,Noah Lobby Side 2,male,https://files2.heygen.ai/avatar/v3/b6a74ee4609f4e948ccd53fe7983a51b_39370/preview_talk_3.webp,https://files2.heygen.ai/avatar/v3/b6a74ee4609f4e948ccd53fe7983a51b_39370/preview_video_talk_3.mp4
Noah_sitting_lobby_side,Noah Lobby Side,male,https://files2.heygen.ai/avatar/v3/652c2c7739e643559ae7a7678a934914_39360/preview_target.webp,https://files2.heygen.ai/avatar/v3/652c2c7739e643559ae7a7678a934914_39360/preview_video_target.mp4
Noah_sitting_office_front,Noah Office Front 2,male,https://files2.heygen.ai/avatar/v3/6ca1846860fc45e6bc0c244833a33b51_39350/preview_talk_3.webp,https://files2.heygen.ai/avatar/v3/6ca1846860fc45e6bc0c244833a33b51_39350/preview_video_talk_3.mp4
Noah_standing_office_front,Noah Office Front,male,https://files2.heygen.ai/avatar/v3/b863aacea458444b9cf3ffba065cc12c_39350/preview_talk_2.webp,https://files2.heygen.ai/avatar/v3/b863aacea458444b9cf3ffba065cc12c_39350/preview_video_talk_2.mp4
Noah_standing_office_side,Noah Office Side 2,male,https://files2.heygen.ai/avatar/v3/0132a00094284f16af2fd2f4260a3a7d_39370/preview_target.webp,https://files2.heygen.ai/avatar/v3/0132a00094284f16af2fd2f4260a3a7d_39370/preview_video_target.mp4
Noah_sitting_office_side,Noah Office Side,male,https://files2.heygen.ai/avatar/v3/48611017d9bc4d439ea871039ffb60db_39360/preview_talk_1.webp,https://files2.heygen.ai/avatar/v3/48611017d9bc4d439ea871039ffb60db_39360/preview_video_talk_1.mp4
Noah_sitting_sofa_front,Noah Sofa Front 2,male,https://files2.heygen.ai/avatar/v3/2e19cc1ed67640d2bbe2c14187d30f55_39350/preview_talk_4.webp,https://files2.heygen.ai/avatar/v3/2e19cc1ed67640d2bbe2c14187d30f55_39350/preview_video_talk_4.mp4
Noah_standing_sofa_front,Noah Sofa Front ,male,https://files2.heygen.ai/avatar/v3/c05c1d7066a145189ac40c91e8c1faa6_39350/preview_talk_5.webp,https://files2.heygen.ai/avatar/v3/c05c1d7066a145189ac40c91e8c1faa6_39350/preview_video_talk_5.mp4
Noah_sitting_sofa_side,Noah Sofa Side 2,male,https://files2.heygen.ai/avatar/v3/0781e9c3c667432eb001d5ad3ac07a5e_39370/preview_talk_2.webp,https://files2.heygen.ai/avatar/v3/0781e9c3c667432eb001d5ad3ac07a5e_39370/preview_video_talk_2.mp4
Noah_standing_sofa_side,Noah Sofa Side,male,https://files2.heygen.ai/avatar/v3/5546a1dfbb544b3e85dc712eb73cdb39_39370/preview_talk_1.webp,https://files2.heygen.ai/avatar/v3/5546a1dfbb544b3e85dc712eb73cdb39_39370/preview_video_talk_1.mp4
Onat_Casual_Sitting_Front_public,Onat Casual Sitting Front,male,https://files2.heygen.ai/avatar/v3/518bf85d31c54b7e85dd047b3b4dc6ef_42180/preview_talk_1.webp,https://files2.heygen.ai/avatar/v3/518bf85d31c54b7e85dd047b3b4dc6ef_42180/preview_video_talk_1.mp4
Onat_Casual_Sitting_Side_public,Onat Casual Sitting Side,male,https://files2.heygen.ai/avatar/v3/ef7e96cf5a7346fab65b205a884be691_42210/preview_target.webp,https://files2.heygen.ai/avatar/v3/ef7e96cf5a7346fab65b205a884be691_42210/preview_video_target.mp4
Onat_Suit_Sitting_Front_public,Onat Suit Sitting Front,male,https://files2.heygen.ai/avatar/v3/cc4f098b8e8843e7a6e7928cb74b47f2_42180/preview_target.webp,https://files2.heygen.ai/avatar/v3/cc4f098b8e8843e7a6e7928cb74b47f2_42180/preview_video_target.mp4
Onat_Suit_Sitting_Side_public,Onat Suit Sitting Side,male,https://files2.heygen.ai/avatar/v3/1d523a647d1a47b799df54c1a82f4608_42190/preview_target.webp,https://files2.heygen.ai/avatar/v3/1d523a647d1a47b799df54c1a82f4608_42190/preview_video_target.mp4
Oxana_standing_gym_front,Oxana Gym Front 2,female,https://files2.heygen.ai/avatar/v3/0fe43ddff45e480fa0a8df275c0bbcf7_38710/preview_target.webp,https://files2.heygen.ai/avatar/v3/0fe43ddff45e480fa0a8df275c0bbcf7_38710/preview_video_target.mp4
Oxana_sitting_gym_front,Oxana Gym Front,female,https://files2.heygen.ai/avatar/v3/77c8e6b6c3174f1c91f9f6b4f3c07c3a_38710/preview_talk_1.webp,https://files2.heygen.ai/avatar/v3/77c8e6b6c3174f1c91f9f6b4f3c07c3a_38710/preview_video_talk_1.mp4
Oxana_standing_gym_side,Oxana Gym Side 2,female,https://files2.heygen.ai/avatar/v3/e611e730595d4778a73689a8acd6e000_38720/preview_target.webp,https://files2.heygen.ai/avatar/v3/e611e730595d4778a73689a8acd6e000_38720/preview_video_target.mp4
Oxana_sitting_gym_side,Oxana Gym Side,female,https://files2.heygen.ai/avatar/v3/fd508efa20d446eb923a3cb2d04623de_38720/preview_talk_1.webp,https://files2.heygen.ai/avatar/v3/fd508efa20d446eb923a3cb2d04623de_38720/preview_video_talk_1.mp4
Oxana_standing_office_front,Oxana Office Front 2,female,https://files2.heygen.ai/avatar/v3/316476fb812b42cfadd138761e861ca9_38070/preview_talk_1.webp,https://files2.heygen.ai/avatar/v3/316476fb812b42cfadd138761e861ca9_38070/preview_video_talk_1.mp4
Oxana_sitting_office_front,Oxana Office Front,female,https://files2.heygen.ai/avatar/v3/0fbdc079af804651aeef77c68b20a70f_38070/preview_target.webp,https://files2.heygen.ai/avatar/v3/0fbdc079af804651aeef77c68b20a70f_38070/preview_video_target.mp4
Oxana_standing_office_side,Oxana Office Side 2,female,https://files2.heygen.ai/avatar/v3/18f0e70f53a94934915107b7af6b09a6_38080/preview_talk_1.webp,https://files2.heygen.ai/avatar/v3/18f0e70f53a94934915107b7af6b09a6_38080/preview_video_talk_1.mp4
Oxana_sitting_office_side,Oxana Office Side,female,https://files2.heygen.ai/avatar/v3/6cb7a4d8db774db6a7b9dd974964630c_38080/preview_target.webp,https://files2.heygen.ai/avatar/v3/6cb7a4d8db774db6a7b9dd974964630c_38080/preview_video_target.mp4
Oxana_standing_sofa_front,Oxana Sofa Front 2,female,https://files2.heygen.ai/avatar/v3/c2d94b111f744c9b9c782f6b304bd2aa_38280/preview_talk_1.webp,https://files2.heygen.ai/avatar/v3/c2d94b111f744c9b9c782f6b304bd2aa_38280/preview_video_talk_1.mp4
Oxana_sitting_sofa_front,Oxana Sofa Front,female,https://files2.heygen.ai/avatar/v3/fefb436423624173b15b894a6040e034_38280/preview_target.webp,https://files2.heygen.ai/avatar/v3/fefb436423624173b15b894a6040e034_38280/preview_video_target.mp4
Oxana_standing_sofa_side,Oxana Sofa Side 2,female,https://files2.heygen.ai/avatar/v3/fa9b0cb249c64f8b924e9fd6b576fa3a_38290/preview_talk_1.webp,https://files2.heygen.ai/avatar/v3/fa9b0cb249c64f8b924e9fd6b576fa3a_38290/preview_video_talk_1.mp4
Oxana_sitting_sofa_side,Oxana Sofa Side,female,https://files2.heygen.ai/avatar/v3/67e1e02efd0047f194cdc30e91fe875a_38290/preview_target.webp,https://files2.heygen.ai/avatar/v3/67e1e02efd0047f194cdc30e91fe875a_38290/preview_video_target.mp4
Oxana_standing_yoga_front,Oxana Yoga Front 2,female,https://files2.heygen.ai/avatar/v3/1eb7937698e5413dab36e496121dc4b5_38670/preview_talk_1.webp,https://files2.heygen.ai/avatar/v3/1eb7937698e5413dab36e496121dc4b5_38670/preview_video_talk_1.mp4
Oxana_sitting_yoga_front,Oxana Yoga Front,female,https://files2.heygen.ai/avatar/v3/dff28f22812d44c0be4ec48cf29198f7_38670/preview_target.webp,https://files2.heygen.ai/avatar/v3/dff28f22812d44c0be4ec48cf29198f7_38670/preview_video_target.mp4
Oxana_standing_yoga_side,Oxana Yoga Side 2,female,https://files2.heygen.ai/avatar/v3/78b24bcbb2394f3595e8279e8f71374e_38680/preview_talk_1.webp,https://files2.heygen.ai/avatar/v3/78b24bcbb2394f3595e8279e8f71374e_38680/preview_video_talk_1.mp4
Oxana_sitting_yoga_side,Oxana Yoga Side,female,https://files2.heygen.ai/avatar/v3/b0facc55512a4250904297f3d9fa1441_38680/preview_target.webp,https://files2.heygen.ai/avatar/v3/b0facc55512a4250904297f3d9fa1441_38680/preview_video_target.mp4
Patrizio_standing_businesstraining_front,Patrizio Business Training Front,male,https://files2.heygen.ai/avatar/v3/46c6e9fe736d40d4bf8b89baafede4a5_38860/preview_talk_1.webp,https://files2.heygen.ai/avatar/v3/46c6e9fe736d40d4bf8b89baafede4a5_38860/preview_video_talk_1.mp4
Patrizio_standing_businesstraining_side,Patrizio Business Training Side,male,https://files2.heygen.ai/avatar/v3/8d7e665309c1465ea581e93f978844c5_38850/preview_talk_1.webp,https://files2.heygen.ai/avatar/v3/8d7e665309c1465ea581e93f978844c5_38850/preview_video_talk_1.mp4
Patrizio_sitting_office_front,Patrizio Office Front,male,https://files2.heygen.ai/avatar/v3/c8d2f5b65d084dea9004a1a1bfc17351_38860/preview_talk_2.webp,https://files2.heygen.ai/avatar/v3/c8d2f5b65d084dea9004a1a1bfc17351_38860/preview_video_talk_2.mp4
Patrizio_sitting_office_side,Patrizio Office Side 2,male,https://files2.heygen.ai/avatar/v3/477948257ba041709365a229559b7b19_38850/preview_talk_3.webp,https://files2.heygen.ai/avatar/v3/477948257ba041709365a229559b7b19_38850/preview_video_talk_3.mp4
Patrizio_standing_office_side,Patrizio Office Side,male,https://files2.heygen.ai/avatar/v3/5944e77da5c44394b95b8b565e64dcf1_38850/preview_target.webp,https://files2.heygen.ai/avatar/v3/5944e77da5c44394b95b8b565e64dcf1_38850/preview_video_target.mp4
Patrizio_sitting_sofa_front,Patrizio Sofa Front,male,https://files2.heygen.ai/avatar/v3/94cf5b24a14f4b898643cf7f0f43fbe4_38860/preview_target.webp,https://files2.heygen.ai/avatar/v3/94cf5b24a14f4b898643cf7f0f43fbe4_38860/preview_video_target.mp4
Patrizio_sitting_sofa_side,Patrizio Sofa Side,male,https://files2.heygen.ai/avatar/v3/77ac231a83d04523839b014d7413aba7_38850/preview_talk_2.webp,https://files2.heygen.ai/avatar/v3/77ac231a83d04523839b014d7413aba7_38850/preview_video_talk_2.mp4
Piper_sitting_businesssofa_front,Piper Business Sofa Front,female,https://files2.heygen.ai/avatar/v3/0dcdbd20783f4a2a9333bfbd7cce304e_38930/preview_talk_1.webp,https://files2.heygen.ai/avatar/v3/0dcdbd20783f4a2a9333bfbd7cce304e_38930/preview_video_talk_1.mp4
Piper_sitting_businesssofa_side,Piper Business Sofa Side,female,https://files2.heygen.ai/avatar/v3/7cb9f9458f2d493398468ba81fbcd9f9_38920/preview_target.webp,https://files2.heygen.ai/avatar/v3/7cb9f9458f2d493398468ba81fbcd9f9_38920/preview_video_target.mp4
Piper_standing_education_front,Piper Education Front,female,https://files2.heygen.ai/avatar/v3/2b48addfc8c6454eab8beb14c004e3eb_38930/preview_target.webp,https://files2.heygen.ai/avatar/v3/2b48addfc8c6454eab8beb14c004e3eb_38930/preview_video_target.mp4
Piper_standing_education_side,Piper Education Side,female,https://files2.heygen.ai/avatar/v3/d683e10d637a42ec9825b0cc794094da_38920/preview_talk_1.webp,https://files2.heygen.ai/avatar/v3/d683e10d637a42ec9825b0cc794094da_38920/preview_video_talk_1.mp4
Rasmus_sitting_lounge_front,Rasmus Lounge Front 2,male,https://files2.heygen.ai/avatar/v3/37adfc229dae4acc929ba755bf88a665_38130/preview_talk_1.webp,https://files2.heygen.ai/avatar/v3/37adfc229dae4acc929ba755bf88a665_38130/preview_video_talk_1.mp4
Rasmus_standing_lounge_front,Rasmus Lounge Front,male,https://files2.heygen.ai/avatar/v3/ad3bfd21175b46cf88b63c016e7aeac0_38130/preview_target.webp,https://files2.heygen.ai/avatar/v3/ad3bfd21175b46cf88b63c016e7aeac0_38130/preview_video_target.mp4
Rasmus_sitting_lounge_side,Rasmus Lounge Side 2,male,https://files2.heygen.ai/avatar/v3/f93fcde33f954ace8c45b72b22df5958_38140/preview_target.webp,https://files2.heygen.ai/avatar/v3/f93fcde33f954ace8c45b72b22df5958_38140/preview_video_target.mp4
Rasmus_standing_lounge_side,Rasmus Lounge Side,male,https://files2.heygen.ai/avatar/v3/8c3c8ad7c78341c2b0de01b33100a235_38140/preview_talk_1.webp,https://files2.heygen.ai/avatar/v3/8c3c8ad7c78341c2b0de01b33100a235_38140/preview_video_talk_1.mp4
Rasmus_standing_sofa_front,Rasmus Sofa Front 2,male,https://files2.heygen.ai/avatar/v3/9e6f4d1c42a04599b6a743f2c89920b0_37970/preview_target.webp,https://files2.heygen.ai/avatar/v3/9e6f4d1c42a04599b6a743f2c89920b0_37970/preview_video_target.mp4
Rasmus_sitting_sofa_front,Rasmus Sofa Front,male,https://files2.heygen.ai/avatar/v3/4113768e26354c7199130d8219517c2c_37970/preview_talk_1.webp,https://files2.heygen.ai/avatar/v3/4113768e26354c7199130d8219517c2c_37970/preview_video_talk_1.mp4
Rasmus_standing_sofa_side,Rasmus Sofa Side 2,male,https://files2.heygen.ai/avatar/v3/c8c33ea45f2a493f9be9b18ba4d252ac_37990/preview_target.webp,https://files2.heygen.ai/avatar/v3/c8c33ea45f2a493f9be9b18ba4d252ac_37990/preview_video_target.mp4
Rasmus_sitting_sofa_side,Rasmus Sofa Side,male,https://files2.heygen.ai/avatar/v3/033c2fa38a7142c1bc369dc81d8d9829_37980/preview_target.webp,https://files2.heygen.ai/avatar/v3/033c2fa38a7142c1bc369dc81d8d9829_37980/preview_video_target.mp4
Raul_Sitting_businesssofa_front_close,Raul Business Sofa Front 2,male,https://files2.heygen.ai/avatar/v3/f27279aef6934f7684abc2f73dd38bfd_38820/preview_talk_1.webp,https://files2.heygen.ai/avatar/v3/f27279aef6934f7684abc2f73dd38bfd_38820/preview_video_talk_1.mp4
Raul_Sitting_businesssofa_front,Raul Business Sofa Front,male,https://files2.heygen.ai/avatar/v3/47632ccb9f494df6b03fe8ba0e6d3022_38820/preview_target.webp,https://files2.heygen.ai/avatar/v3/47632ccb9f494df6b03fe8ba0e6d3022_38820/preview_video_target.mp4
Raul_standing_businesssofa_side,Raul Business Sofa Side 2,male,https://files2.heygen.ai/avatar/v3/41c3092e0e7d463d9580585df9922a43_38980/preview_talk_4.webp,https://files2.heygen.ai/avatar/v3/41c3092e0e7d463d9580585df9922a43_38980/preview_video_talk_4.mp4
Raul_sitting_businesssofa_side,Raul Business Sofa Side,male,https://files2.heygen.ai/avatar/v3/d9f3aac2fdde4c77864c7efa48705198_38980/preview_talk_3.webp,https://files2.heygen.ai/avatar/v3/d9f3aac2fdde4c77864c7efa48705198_38980/preview_video_talk_3.mp4
Raul_standing_casualsofa_front_close,Raul Casual Sofa Front 2,male,https://files2.heygen.ai/avatar/v3/5aec38e5d9e64bf78ec67c2c9c6f6990_38810/preview_talk_2.webp,https://files2.heygen.ai/avatar/v3/5aec38e5d9e64bf78ec67c2c9c6f6990_38810/preview_video_talk_2.mp4
Raul_standing_casualsofa_front,Raul Casual Sofa Front,male,https://files2.heygen.ai/avatar/v3/ee1bd0cf3a48471eba4e889982e24810_38810/preview_talk_3.webp,https://files2.heygen.ai/avatar/v3/ee1bd0cf3a48471eba4e889982e24810_38810/preview_video_talk_3.mp4
Raul_standing_casualsofa_side_close,Raul Casual Sofa Side 2,male,https://files2.heygen.ai/avatar/v3/74544a929b514efe9df9d6a03557fe8f_38980/preview_talk_2.webp,https://files2.heygen.ai/avatar/v3/74544a929b514efe9df9d6a03557fe8f_38980/preview_video_talk_2.mp4
Raul_standing_casualsofa_side,Raul Casual Sofa Side,male,https://files2.heygen.ai/avatar/v3/fe6ec3d1189140c19ec36546b57b90c3_38980/preview_talk_1.webp,https://files2.heygen.ai/avatar/v3/fe6ec3d1189140c19ec36546b57b90c3_38980/preview_video_talk_1.mp4
Raul_sitting_casualsofanoipad_front,Raul Casual Sofa no iPad Front,male,https://files2.heygen.ai/avatar/v3/fcdc331a145547ca9db17fefb9e5779f_38810/preview_talk_1.webp,https://files2.heygen.ai/avatar/v3/fcdc331a145547ca9db17fefb9e5779f_38810/preview_video_talk_1.mp4
Raul_sitting_casualsofanoipad_side,Raul Casual Sofa no iPad Side,male,https://files2.heygen.ai/avatar/v3/94b1cfff270846c686235e47d763d11c_38990/preview_target.webp,https://files2.heygen.ai/avatar/v3/94b1cfff270846c686235e47d763d11c_38990/preview_video_target.mp4
Raul_sitting_casualsofawithipad_front,Raul Casual Sofa with iPad Front,male,https://files2.heygen.ai/avatar/v3/5b7ccb338dc4477d89db916950207884_38810/preview_target.webp,https://files2.heygen.ai/avatar/v3/5b7ccb338dc4477d89db916950207884_38810/preview_video_target.mp4
Raul_sitting_casualsofawithipad_side,Raul Casual Sofa with iPad Side,male,https://files2.heygen.ai/avatar/v3/8d3f9f70da51449299e5801114d67f73_38990/preview_talk_1.webp,https://files2.heygen.ai/avatar/v3/8d3f9f70da51449299e5801114d67f73_38990/preview_video_talk_1.mp4
Raul_sitting_office_front,Raul Office Front 2,male,https://files2.heygen.ai/avatar/v3/5fc7aa3a15e9462d9380987074814805_38960/preview_target.webp,https://files2.heygen.ai/avatar/v3/5fc7aa3a15e9462d9380987074814805_38960/preview_video_target.mp4
Raul_standing_office_front,Raul Office Front,male,https://files2.heygen.ai/avatar/v3/a47ab167ad2c41b293a05610bbfa84b0_38810/preview_talk_4.webp,https://files2.heygen.ai/avatar/v3/a47ab167ad2c41b293a05610bbfa84b0_38810/preview_video_talk_4.mp4
Raul_sitting_office_side,Raul Office Side,male,https://files2.heygen.ai/avatar/v3/982fa2306a4f46059c40053b1971fc4f_38980/preview_talk_5.webp,https://files2.heygen.ai/avatar/v3/982fa2306a4f46059c40053b1971fc4f_38980/preview_video_talk_5.mp4
Raul_sitting_sofa_front_close,Raul Sofa Front 2,male,https://files2.heygen.ai/avatar/v3/03288d98d2af459998d5b7f33ae51c14_38800/preview_talk_2.webp,https://files2.heygen.ai/avatar/v3/03288d98d2af459998d5b7f33ae51c14_38800/preview_video_talk_2.mp4
Raul_sitting_sofa_front,Raul Sofa Front,male,https://files2.heygen.ai/avatar/v3/31f4e77edac645c4b0526925f4aa6fde_38800/preview_talk_1.webp,https://files2.heygen.ai/avatar/v3/31f4e77edac645c4b0526925f4aa6fde_38800/preview_video_talk_1.mp4
Raul_sitting_sofa_side_close,Raul Sofa Side 2,male,https://files2.heygen.ai/avatar/v3/6a5635f104264794b3f3e27f21f444cb_38980/preview_talk_6.webp,https://files2.heygen.ai/avatar/v3/6a5635f104264794b3f3e27f21f444cb_38980/preview_video_talk_6.mp4
Raul_sitting_sofa_side,Raul Sofa Side,male,https://files2.heygen.ai/avatar/v3/dc0fb90040c84a7ba05f782553edfe38_38980/preview_target.webp,https://files2.heygen.ai/avatar/v3/dc0fb90040c84a7ba05f782553edfe38_38980/preview_video_target.mp4
Ren_sitting_office_front,Ren Office Front 2,male,https://files2.heygen.ai/avatar/v3/65d19cdc69434a4797599255a6fdcba9_37790/preview_target.webp,https://files2.heygen.ai/avatar/v3/65d19cdc69434a4797599255a6fdcba9_37790/preview_video_target.mp4
Ren_standing_office_front,Ren Office Front,male,https://files2.heygen.ai/avatar/v3/11e57f2100ae4fc4b97cb99e7d23ad6a_37790/preview_talk_6.webp,https://files2.heygen.ai/avatar/v3/11e57f2100ae4fc4b97cb99e7d23ad6a_37790/preview_video_talk_6.mp4
Ren_sitting_office_side,Ren Office Side 2,male,https://files2.heygen.ai/avatar/v3/a319de11cfdb4fa0808be9088fd78261_37510/preview_talk_1.webp,https://files2.heygen.ai/avatar/v3/a319de11cfdb4fa0808be9088fd78261_37510/preview_video_talk_1.mp4
Ren_standing_office_side,Ren Office Side,male,https://files2.heygen.ai/avatar/v3/db2ef7f814fa4e778d1c6ed1d11e5064_37510/preview_talk_3.webp,https://files2.heygen.ai/avatar/v3/db2ef7f814fa4e778d1c6ed1d11e5064_37510/preview_video_talk_3.mp4
Ren_sitting_sofabusiness_front,Ren Sofa Business Front,male,https://files2.heygen.ai/avatar/v3/21d6f432bc3a44baa5fb2612d1f4e600_37570/preview_talk_1.webp,https://files2.heygen.ai/avatar/v3/21d6f432bc3a44baa5fb2612d1f4e600_37570/preview_video_talk_1.mp4
Ren_sitting_sofabusiness_side,Ren Sofa Business Side,male,https://files2.heygen.ai/avatar/v3/e325408d81694f46aaa220267e969dca_37830/preview_talk_1.webp,https://files2.heygen.ai/avatar/v3/e325408d81694f46aaa220267e969dca_37830/preview_video_talk_1.mp4
Ren_sitting_sofacasual_front,Ren Sofa Casual Front 2,male,https://files2.heygen.ai/avatar/v3/a3b007fa40a5427fbc92a1f1c3b18ca6_37820/preview_talk_2.webp,https://files2.heygen.ai/avatar/v3/a3b007fa40a5427fbc92a1f1c3b18ca6_37820/preview_video_talk_2.mp4
Ren_standing_sofacasual_front,Ren Sofa Casual Front,male,https://files2.heygen.ai/avatar/v3/18baef94e29f4f5b8d61e306437e50bf_37820/preview_talk_3.webp,https://files2.heygen.ai/avatar/v3/18baef94e29f4f5b8d61e306437e50bf_37820/preview_video_talk_3.mp4
Ren_sitting_sofacasual_side,Ren Sofa Casual Side 2 ,male,https://files2.heygen.ai/avatar/v3/f577d604d660437597cafa97471a86ae_37520/preview_talk_2.webp,https://files2.heygen.ai/avatar/v3/f577d604d660437597cafa97471a86ae_37520/preview_video_talk_2.mp4
Ren_standing_sofacasual_side,Ren Sofa Casual Side,male,https://files2.heygen.ai/avatar/v3/4303bd96d1974a56aa3a118258cddcd9_37520/preview_talk_3.webp,https://files2.heygen.ai/avatar/v3/4303bd96d1974a56aa3a118258cddcd9_37520/preview_video_talk_3.mp4
Riley_siting_casual_front,Riley Casual Front,male,https://files2.heygen.ai/avatar/v3/f01b66bbb9f541bc9eb296e04513584e_39170/preview_talk_1.webp,https://files2.heygen.ai/avatar/v3/f01b66bbb9f541bc9eb296e04513584e_39170/preview_video_talk_1.mp4
Riley_sitting_casual_side,Riley Casual Side,male,https://files2.heygen.ai/avatar/v3/550f41aaa75f42829a4f2839617e111d_39180/preview_talk_1.webp,https://files2.heygen.ai/avatar/v3/550f41aaa75f42829a4f2839617e111d_39180/preview_video_talk_1.mp4
Riley_sitting_office_front,Riley Office Front,male,https://files2.heygen.ai/avatar/v3/f850e87f38bf4643ac17dadd574dc557_39170/preview_target.webp,https://files2.heygen.ai/avatar/v3/f850e87f38bf4643ac17dadd574dc557_39170/preview_video_target.mp4
Riley_sitting_office_side,Riley Office Side,male,https://files2.heygen.ai/avatar/v3/8d4bd025395643e59136ecbade0f8089_39180/preview_target.webp,https://files2.heygen.ai/avatar/v3/8d4bd025395643e59136ecbade0f8089_39180/preview_video_target.mp4
Roman_standing_outdoorsport_front,Roman Outdoor Sport Front,male,https://files2.heygen.ai/avatar/v3/5922b17fcffa4a038ba098501f8e085e_38420/preview_target.webp,https://files2.heygen.ai/avatar/v3/5922b17fcffa4a038ba098501f8e085e_38420/preview_video_target.mp4
Roman_standing_outdoorsport_side,Roman Outdoor Sport Side,male,https://files2.heygen.ai/avatar/v3/439cc8dd23d045b786c7b7a941890e78_38430/preview_target.webp,https://files2.heygen.ai/avatar/v3/439cc8dd23d045b786c7b7a941890e78_38430/preview_video_target.mp4
Sabine_sitting_office_front,Sabine Office Front 2,female,https://files2.heygen.ai/avatar/v3/09ffd4a3fba04940a5ee89df873d1eed_37120/preview_talk_3.webp,https://files2.heygen.ai/avatar/v3/09ffd4a3fba04940a5ee89df873d1eed_37120/preview_video_talk_3.mp4
Sabine_standing_office_front,Sabine Office Front,female,https://files2.heygen.ai/avatar/v3/884f8cb7bf7f4be295519756d601e1c9_37120/preview_target.webp,https://files2.heygen.ai/avatar/v3/884f8cb7bf7f4be295519756d601e1c9_37120/preview_video_target.mp4
Sabine_standing_office_side,Sabine Office Side,female,https://files2.heygen.ai/avatar/v3/1c283b1805e04780bfb5ebd8493fd848_37190/preview_target.webp,https://files2.heygen.ai/avatar/v3/1c283b1805e04780bfb5ebd8493fd848_37190/preview_video_target.mp4
Sabine_sitting_sofa_side,Sabine Sofa Side,female,https://files2.heygen.ai/avatar/v3/b8e909ae9aaf4268959bbd03bab832ee_37200/preview_target.webp,https://files2.heygen.ai/avatar/v3/b8e909ae9aaf4268959bbd03bab832ee_37200/preview_video_target.mp4
Scarlett_sitting_couch2_front,Scarlett Couch Front 2,female,https://files2.heygen.ai/avatar/v3/3d5904b6fef640eebda2a4deea943492_39070/preview_talk_1.webp,https://files2.heygen.ai/avatar/v3/3d5904b6fef640eebda2a4deea943492_39070/preview_video_talk_1.mp4
Scarlett_sitting_couch_front,Scarlett Couch Front,female,https://files2.heygen.ai/avatar/v3/d5920bf0d18a42148c6e40496df82108_39070/preview_target.webp,https://files2.heygen.ai/avatar/v3/d5920bf0d18a42148c6e40496df82108_39070/preview_video_target.mp4
Scarlett_sitting_couch2_side,Scarlett Couch Side 2,female,https://files2.heygen.ai/avatar/v3/8b76dafe61b948c9a73d10759142bd97_39080/preview_target.webp,https://files2.heygen.ai/avatar/v3/8b76dafe61b948c9a73d10759142bd97_39080/preview_video_target.mp4
Scarlett_sitting_couch_side,Scarlett Couch Side,female,https://files2.heygen.ai/avatar/v3/7bc0d0bec9a9491cb38db1329b2563f9_39080/preview_talk_1.webp,https://files2.heygen.ai/avatar/v3/7bc0d0bec9a9491cb38db1329b2563f9_39080/preview_video_talk_1.mp4
Scarlett_siiting_fireplace_front,Scarlett Fireplace Front,female,https://files2.heygen.ai/avatar/v3/47ce0a4dcbf34c99a9073b03dd88c2d8_39070/preview_talk_3.webp,https://files2.heygen.ai/avatar/v3/47ce0a4dcbf34c99a9073b03dd88c2d8_39070/preview_video_talk_3.mp4
Scarlett_sitting_fireplace_side,Scarlett Fireplace Side,female,https://files2.heygen.ai/avatar/v3/420ccd165b5644fa89f292d695b6900a_39090/preview_talk_4.webp,https://files2.heygen.ai/avatar/v3/420ccd165b5644fa89f292d695b6900a_39090/preview_video_talk_4.mp4
Scarlett_standing_hall_front,Scarlett Hall Front,female,https://files2.heygen.ai/avatar/v3/761c137b109e49a69991344904e2bf0a_39070/preview_talk_4.webp,https://files2.heygen.ai/avatar/v3/761c137b109e49a69991344904e2bf0a_39070/preview_video_talk_4.mp4
Scarlett_standing_hall_side,Scarlett Hall Side,female,https://files2.heygen.ai/avatar/v3/78632df837f24ef6ba86972276699267_39090/preview_talk_1.webp,https://files2.heygen.ai/avatar/v3/78632df837f24ef6ba86972276699267_39090/preview_video_talk_1.mp4
Scarlett_sitting_yoga_front,Scarlett Yoga Front,female,https://files2.heygen.ai/avatar/v3/946f804908de47fda0b9bb71fc266e9e_39070/preview_talk_7.webp,https://files2.heygen.ai/avatar/v3/946f804908de47fda0b9bb71fc266e9e_39070/preview_video_talk_7.mp4
Scarlett_sitting_yoga_side,Scarlett Yoga Side,female,https://files2.heygen.ai/avatar/v3/7d06d641f0294a16a1781459ef9fdc16_39090/preview_talk_3.webp,https://files2.heygen.ai/avatar/v3/7d06d641f0294a16a1781459ef9fdc16_39090/preview_video_talk_3.mp4
Silas_sitting_lounge_front,Silas Lounge Front,male,https://files2.heygen.ai/avatar/v3/896caa087e3d49ffa2e6d005976afa92_38940/preview_talk_3.webp,https://files2.heygen.ai/avatar/v3/896caa087e3d49ffa2e6d005976afa92_38940/preview_video_talk_3.mp4
Silas_sitting_lounge_side,Silas Lounge Side,male,https://files2.heygen.ai/avatar/v3/4dac6a63f16e46aaaf9b11612708986b_38940/preview_talk_1.webp,https://files2.heygen.ai/avatar/v3/4dac6a63f16e46aaaf9b11612708986b_38940/preview_video_talk_1.mp4
Silas_sitting_sofa_side,Silas Sofa Side 2,male,https://files2.heygen.ai/avatar/v3/a5cee5be23464220b6b14eb62ed0dedd_38940/preview_talk_2.webp,https://files2.heygen.ai/avatar/v3/a5cee5be23464220b6b14eb62ed0dedd_38940/preview_video_talk_2.mp4
Silas_sitting_sofa_side_close,Silas Sofa Side,male,https://files2.heygen.ai/avatar/v3/a08231ecda954006845dc00c7db296bb_38940/preview_target.webp,https://files2.heygen.ai/avatar/v3/a08231ecda954006845dc00c7db296bb_38940/preview_video_target.mp4
Stacy_in_Doctor_Front,Stacy in Doctor (Front),female,https://files2.heygen.ai/avatar/v3/c4b72e953f62494aa1fc3be88d038dcb_35290/preview_talk_2.webp,https://files2.heygen.ai/avatar/v3/c4b72e953f62494aa1fc3be88d038dcb_35290/preview_video_talk_2.mp4
Stacy_in_Doctor_Left,Stacy in Doctor (Left),female,https://files2.heygen.ai/avatar/v3/364291e5f11348b683da5b4ae98dae88_35300/preview_talk_2.webp,https://files2.heygen.ai/avatar/v3/364291e5f11348b683da5b4ae98dae88_35300/preview_video_talk_2.mp4
Stacy_in_Doctor_Right,Stacy in Doctor (Right),female,https://files2.heygen.ai/avatar/v3/d2aa5c663b5e400188ab759aa3b8ce6f_35310/preview_talk_2.webp,https://files2.heygen.ai/avatar/v3/d2aa5c663b5e400188ab759aa3b8ce6f_35310/preview_video_talk_2.mp4
Stacy_in_Dress_Front,Stacy in Dress (Front),female,https://files2.heygen.ai/avatar/v3/4f915c62f58a485fb313813f4c98b231_35290/preview_talk_1.webp,https://files2.heygen.ai/avatar/v3/4f915c62f58a485fb313813f4c98b231_35290/preview_video_talk_1.mp4
Stacy_in_Dress_Left,Stacy in Dress (Left),female,https://files2.heygen.ai/avatar/v3/cd14264de05b4e7bace6b6752501d4e1_35300/preview_talk_1.webp,https://files2.heygen.ai/avatar/v3/cd14264de05b4e7bace6b6752501d4e1_35300/preview_video_talk_1.mp4
Stacy_in_Dress_Right,Stacy in Dress (Right),female,https://files2.heygen.ai/avatar/v3/cc6713b765664f5b91dde30bc3f9e11e_35310/preview_talk_1.webp,https://files2.heygen.ai/avatar/v3/cc6713b765664f5b91dde30bc3f9e11e_35310/preview_video_talk_1.mp4
Stacy_in_Shirt_Front,Stacy in Shirt (Front),female,https://files2.heygen.ai/avatar/v3/716f272a484f48c3a8af6a3f627a5aae_35290/preview_target.webp,https://files2.heygen.ai/avatar/v3/716f272a484f48c3a8af6a3f627a5aae_35290/preview_video_target.mp4
Stacy_in_Shirt_Left,Stacy in Shirt (Left),female,https://files2.heygen.ai/avatar/v3/01a321fa3f7245c1b8cfbf60f253bb47_35300/preview_target.webp,https://files2.heygen.ai/avatar/v3/01a321fa3f7245c1b8cfbf60f253bb47_35300/preview_video_target.mp4
Stacy_in_Shirt_Right,Stacy in Shirt (Right),female,https://files2.heygen.ai/avatar/v3/7d44ebc774f04c27b6447913d69a2fb8_35310/preview_target.webp,https://files2.heygen.ai/avatar/v3/7d44ebc774f04c27b6447913d69a2fb8_35310/preview_video_target.mp4
Teodor_standing_office_front,Teodor Office Front 2,male,https://files2.heygen.ai/avatar/v3/3c8a6b980667470da7417a65578438b6_38030/preview_talk_1.webp,https://files2.heygen.ai/avatar/v3/3c8a6b980667470da7417a65578438b6_38030/preview_video_talk_1.mp4
Teodor_sitting_office_front,Teodor Office Front,male,https://files2.heygen.ai/avatar/v3/35eb79d55dae43c682a1226352b64553_38030/preview_target.webp,https://files2.heygen.ai/avatar/v3/35eb79d55dae43c682a1226352b64553_38030/preview_video_target.mp4
Teodor_standing_office_side,Teodor Office Side 2,male,https://files2.heygen.ai/avatar/v3/02767eb6d66748c3a7757eb5b56d13f1_38040/preview_talk_1.webp,https://files2.heygen.ai/avatar/v3/02767eb6d66748c3a7757eb5b56d13f1_38040/preview_video_talk_1.mp4
Teodor_sitting_office_side,Teodor Office Side,male,https://files2.heygen.ai/avatar/v3/4c4e5ab65e7d40ebb34554dfc027243f_38040/preview_target.webp,https://files2.heygen.ai/avatar/v3/4c4e5ab65e7d40ebb34554dfc027243f_38040/preview_video_target.mp4
Teodor_standing_sofa_front,Teodor Sofa Front 2,male,https://files2.heygen.ai/avatar/v3/8010656f2fcb4da7bcd5ace4e71afa5e_38240/preview_talk_1.webp,https://files2.heygen.ai/avatar/v3/8010656f2fcb4da7bcd5ace4e71afa5e_38240/preview_video_talk_1.mp4
Teodor_sitting_sofa_front,Teodor Sofa Front,male,https://files2.heygen.ai/avatar/v3/a5007e956bf44558b1f1a031735c2f20_38240/preview_target.webp,https://files2.heygen.ai/avatar/v3/a5007e956bf44558b1f1a031735c2f20_38240/preview_video_target.mp4
Teodor_standing_sofa_side,Teodor Sofa Side 2,male,https://files2.heygen.ai/avatar/v3/df8241390c6f40dca46d0da4a01e34e8_38250/preview_talk_1.webp,https://files2.heygen.ai/avatar/v3/df8241390c6f40dca46d0da4a01e34e8_38250/preview_video_talk_1.mp4
Teodor_sitting_sofa_side,Teodor Sofa Side,male,https://files2.heygen.ai/avatar/v3/ae25f1a2d9e14280a3a024b155578beb_38250/preview_target.webp,https://files2.heygen.ai/avatar/v3/ae25f1a2d9e14280a3a024b155578beb_38250/preview_video_target.mp4
Timothy_sitting_casual_front,Timothy Casual Front,male,https://files2.heygen.ai/avatar/v3/b2e3b88f48fe43a0a7f303f8ad6b08c2_39150/preview_talk_1.webp,https://files2.heygen.ai/avatar/v3/b2e3b88f48fe43a0a7f303f8ad6b08c2_39150/preview_video_talk_1.mp4
Timothy_sitting_casual_side,Timothy Casual Side,male,https://files2.heygen.ai/avatar/v3/1d5433eb527d421e9238e11acafed426_39160/preview_talk_1.webp,https://files2.heygen.ai/avatar/v3/1d5433eb527d421e9238e11acafed426_39160/preview_video_talk_1.mp4
Timothy_sitting_office_front,Timothy Office Front,male,https://files2.heygen.ai/avatar/v3/8208663e1ab7412faa52ed38b4504442_39150/preview_target.webp,https://files2.heygen.ai/avatar/v3/8208663e1ab7412faa52ed38b4504442_39150/preview_video_target.mp4
Timothy_sitting_office_side,Timothy Office Side,male,https://files2.heygen.ai/avatar/v3/b49044f317c14044a149fc9e56ef286b_39160/preview_target.webp,https://files2.heygen.ai/avatar/v3/b49044f317c14044a149fc9e56ef286b_39160/preview_video_target.mp4
Tuba_Casual_Front_public,Tuba Casual Front,female,https://files2.heygen.ai/avatar/v3/889019dbee2c4eed983f9ef5675c02fd_42270/preview_talk_1.webp,https://files2.heygen.ai/avatar/v3/889019dbee2c4eed983f9ef5675c02fd_42270/preview_video_talk_1.mp4
Tuba_Casual_Side_public,Tuba Casual Side,female,https://files2.heygen.ai/avatar/v3/80a004ab8be24abfa2d84ba40b50f3b7_42280/preview_talk_2.webp,https://files2.heygen.ai/avatar/v3/80a004ab8be24abfa2d84ba40b50f3b7_42280/preview_video_talk_2.mp4
Veit_standing_office_front,Veit Office Front,male,https://files2.heygen.ai/avatar/v3/ee998336b07d4564aee85884dc0b402f_37160/preview_talk_3.webp,https://files2.heygen.ai/avatar/v3/ee998336b07d4564aee85884dc0b402f_37160/preview_video_talk_3.mp4
Veit_standing_office_side,Veit Office Side,male,https://files2.heygen.ai/avatar/v3/3baac19e399e4ac9b57881a74e6eae33_37270/preview_target.webp,https://files2.heygen.ai/avatar/v3/3baac19e399e4ac9b57881a74e6eae33_37270/preview_video_target.mp4
Veit_sitting_sofa_front,Veit Sofa Front,male,https://files2.heygen.ai/avatar/v3/be4edc2cba0c4723ac6145dfa2f7e37c_37160/preview_talk_1.webp,https://files2.heygen.ai/avatar/v3/be4edc2cba0c4723ac6145dfa2f7e37c_37160/preview_video_talk_1.mp4
Veit_sitting_sofa_side,Veit Sofa Side,male,https://files2.heygen.ai/avatar/v3/108aa323e16249659cf2eff1f858c02e_37280/preview_target.webp,https://files2.heygen.ai/avatar/v3/108aa323e16249659cf2eff1f858c02e_37280/preview_video_target.mp4
Vemon_standing_office_front,Vernon Office Front 2,male,https://files2.heygen.ai/avatar/v3/de79ab31586142f993dced04e5a29e7b_37680/preview_talk_2.webp,https://files2.heygen.ai/avatar/v3/de79ab31586142f993dced04e5a29e7b_37680/preview_video_talk_2.mp4
Vemon_sitting_office_front,Vernon Office Front,male,https://files2.heygen.ai/avatar/v3/9735e871f87648598d735dfda878775a_37680/preview_target.webp,https://files2.heygen.ai/avatar/v3/9735e871f87648598d735dfda878775a_37680/preview_video_target.mp4
Vemon_standing_office_side,Vernon Office Side 2,male,https://files2.heygen.ai/avatar/v3/8607947e70594881815ae096e3eb1fbc_37690/preview_target.webp,https://files2.heygen.ai/avatar/v3/8607947e70594881815ae096e3eb1fbc_37690/preview_video_target.mp4
Vemon_sitting_office_side,Vernon Office Side,male,https://files2.heygen.ai/avatar/v3/ce29e50eeead44718c872976b4adcc5b_37700/preview_target.webp,https://files2.heygen.ai/avatar/v3/ce29e50eeead44718c872976b4adcc5b_37700/preview_video_target.mp4
Verena_standing_office_front,Verena Office Front,female,https://files2.heygen.ai/avatar/v3/392967d6c52642a4968a8dd82572bd6c_37130/preview_target.webp,https://files2.heygen.ai/avatar/v3/392967d6c52642a4968a8dd82572bd6c_37130/preview_video_target.mp4
Verena_standing_office_side,Verena Office Side,female,https://files2.heygen.ai/avatar/v3/d0e741b23ce7441d99182b802752ee20_37210/preview_target.webp,https://files2.heygen.ai/avatar/v3/d0e741b23ce7441d99182b802752ee20_37210/preview_video_target.mp4
Verena_sitting_sofa_front,Verena Sofa Front,female,https://files2.heygen.ai/avatar/v3/d42bc057bdbb44aabb7db78121032510_37130/preview_talk_2.webp,https://files2.heygen.ai/avatar/v3/d42bc057bdbb44aabb7db78121032510_37130/preview_video_talk_2.mp4
Verena_sitting_sofa_side,Verena Sofa Side,female,https://files2.heygen.ai/avatar/v3/077686d2d0d14d8c8a01321479017229_37220/preview_target.webp,https://files2.heygen.ai/avatar/v3/077686d2d0d14d8c8a01321479017229_37220/preview_video_target.mp4
Vernon_standing_lounge_front,Vernon Lounge Front 2,male,https://files2.heygen.ai/avatar/v3/a9071409a63f498bb6ea379d75fa7e72_37620/preview_talk_2.webp,https://files2.heygen.ai/avatar/v3/a9071409a63f498bb6ea379d75fa7e72_37620/preview_video_talk_2.mp4
Vernon_standing_lounge_side,Vernon Lounge Side 2,male,https://files2.heygen.ai/avatar/v3/96e71d061f024f5b822ceb93bb3bcb15_37640/preview_talk_1.webp,https://files2.heygen.ai/avatar/v3/96e71d061f024f5b822ceb93bb3bcb15_37640/preview_video_talk_1.mp4
Vernon_sitting_lounge_side,Vernon Lounge Side,male,https://files2.heygen.ai/avatar/v3/e26558b7bd114340b29140917deea434_37630/preview_target.webp,https://files2.heygen.ai/avatar/v3/e26558b7bd114340b29140917deea434_37630/preview_video_target.mp4
Vince_sitting_businesssofa_front,Vince Business Sofa Front,male,https://files2.heygen.ai/avatar/v3/c95be48f8f6e41bf83fa6e41212decbd_38890/preview_talk_2.webp,https://files2.heygen.ai/avatar/v3/c95be48f8f6e41bf83fa6e41212decbd_38890/preview_video_talk_2.mp4
Vince_standing_businesstraining_front,Vince Business Training Front,male,https://files2.heygen.ai/avatar/v3/0734f4397d5d45b380befb3aa5e22366_38890/preview_talk_3.webp,https://files2.heygen.ai/avatar/v3/0734f4397d5d45b380befb3aa5e22366_38890/preview_video_talk_3.mp4
Vince_sitting_businesssofa_side,Vince Business Training Side 2,male,https://files2.heygen.ai/avatar/v3/ac89a4662cba4f7ea314d3973e48006e_38880/preview_target.webp,https://files2.heygen.ai/avatar/v3/ac89a4662cba4f7ea314d3973e48006e_38880/preview_video_target.mp4
Vince_standing_businesstraining_side,Vince Business Training Side,male,https://files2.heygen.ai/avatar/v3/a0c02c9ed6954a8d870a910d80061abe_38870/preview_talk_2.webp,https://files2.heygen.ai/avatar/v3/a0c02c9ed6954a8d870a910d80061abe_38870/preview_video_talk_2.mp4
Vince_standing_sofacasual_front,Vince Sofa Casual Front 2,male,https://files2.heygen.ai/avatar/v3/995711537c174575901529c0c235a061_38890/preview_talk_1.webp,https://files2.heygen.ai/avatar/v3/995711537c174575901529c0c235a061_38890/preview_video_talk_1.mp4
Vince_sitting_sofacasual_front,Vince Sofa Casual Front,male,https://files2.heygen.ai/avatar/v3/cca4cbbd012b4f0e899c73d25e8bd192_38890/preview_target.webp,https://files2.heygen.ai/avatar/v3/cca4cbbd012b4f0e899c73d25e8bd192_38890/preview_video_target.mp4
Vince_standing_sofacasual_side,Vince Sofa Casual Side 2,male,https://files2.heygen.ai/avatar/v3/7a09279f8c7f4ad58461080e54b6c207_38870/preview_talk_1.webp,https://files2.heygen.ai/avatar/v3/7a09279f8c7f4ad58461080e54b6c207_38870/preview_video_talk_1.mp4
Vince_sitting_sofacasual_side,Vince Sofa Casual Side,male,https://files2.heygen.ai/avatar/v3/1af844a83c5f45698fac330aec8487b5_38870/preview_target.webp,https://files2.heygen.ai/avatar/v3/1af844a83c5f45698fac330aec8487b5_38870/preview_video_target.mp4
Vivianna_public_20230110,Vivianna in Black shirt,female,https://files2.heygen.ai/avatar/v3/ced7fc80c3b24dc98e37a633beacf541_13256/preview_talk_1.webp,https://files2.heygen.ai/avatar/v3/ced7fc80c3b24dc98e37a633beacf541_13256/preview_video_talk_1.mp4
Angela-inTshirt-20220820,Angela in T-shirt,female,https://files2.heygen.ai/avatar/v3/dc4c9111fa61481c9c09aad80d697fb2_1053/preview_talk_10.webp,https://files2.heygen.ai/avatar/v3/dc4c9111fa61481c9c09aad80d697fb2_1053/preview_video_talk_10.mp4
Aurelien_public_pro3_20230601,Austin in Blue Suit,male,https://files2.heygen.ai/avatar/v3/d618bfca0bd74fdeaa3c7bf1cd3916d5_2634/preview_talk_2.webp,https://files2.heygen.ai/avatar/v3/d618bfca0bd74fdeaa3c7bf1cd3916d5_2634/preview_video_talk_2.mp4
Daisy-inTshirt-20220819,Daisy in T-shirt,female,https://files2.heygen.ai/avatar/v3/942859e6a10243d5816dd9b941c0a5d3_1041/preview_talk_1.webp,https://files2.heygen.ai/avatar/v3/942859e6a10243d5816dd9b941c0a5d3_1041/preview_video_talk_1.mp4
Jake-inT-shirt-20220721,Jake in T-shirt,male,https://files2.heygen.ai/avatar/v3/2fe505d2f4f546b7addd4fa083149284_1060/preview_talk_8.webp,https://files2.heygen.ai/avatar/v3/2fe505d2f4f546b7addd4fa083149284_1060/preview_video_talk_8.mp4
Jeff-inTshirt-20220722,Jeff in T-shirt,male,https://files2.heygen.ai/avatar/v3/a43b84ae994d4776a64aba7dc40ad9c9_1126/preview_talk_10.webp,https://files2.heygen.ai/avatar/v3/a43b84ae994d4776a64aba7dc40ad9c9_1126/preview_video_talk_10.mp4
Jerome-inpinkTshirt-20220722,Jerome in Pink T-shirt,male,https://files2.heygen.ai/avatar/v3/c8be708fbb584612a675415427869efb_14266/preview_talk_9.webp,https://files2.heygen.ai/avatar/v3/c8be708fbb584612a675415427869efb_14266/preview_video_talk_9.mp4
Joon-inyellowshirt-20220821,Joon in Yellow Shirt,male,https://files2.heygen.ai/avatar/v3/2b0a7dffb0ee4eedbc9da0ee41c79a76_14268/preview_talk_10.webp,https://files2.heygen.ai/avatar/v3/2b0a7dffb0ee4eedbc9da0ee41c79a76_14268/preview_video_talk_10.mp4
Kayla-inturtleneck-20220818,Kayla in Turtleneck,female,https://files2.heygen.ai/avatar/v3/bf83f0f830794d90b509ba6524962e05_1079/preview_talk_9.webp,https://files2.heygen.ai/avatar/v3/bf83f0f830794d90b509ba6524962e05_1079/preview_video_talk_9.mp4
Kent-inhoodie-20220728,Kent in Hoodie,male,https://files2.heygen.ai/avatar/v3/495980f1e977459f9f85daefd8c93a6d_14267/preview_talk_9.webp,https://files2.heygen.ai/avatar/v3/495980f1e977459f9f85daefd8c93a6d_14267/preview_video_talk_9.mp4
Mido-pro-flowershirt-20221208,Matthew in Flowery Shirt,male,https://files2.heygen.ai/avatar/v3/448086197fe64997b29c44a479db5853_1435/preview_target.webp,https://files2.heygen.ai/avatar/v3/448086197fe64997b29c44a479db5853_1435/preview_video_target.mp4
Tina-inskirt-20220821,Tina in Dress,female,https://files2.heygen.ai/avatar/v3/16fbaaae1c96473da8f5ec14df551994_1055/preview_talk_3.webp,https://files2.heygen.ai/avatar/v3/16fbaaae1c96473da8f5ec14df551994_1055/preview_video_talk_3.mp4
Vanessa-invest-20220722,Vanessa in Tank Top,female,https://files2.heygen.ai/avatar/v3/93649b8ef2764e1da827dbd1d34967e3_1115/preview_talk_14.webp,https://files2.heygen.ai/avatar/v3/93649b8ef2764e1da827dbd1d34967e3_1115/preview_video_talk_14.mp4
Wilson-inTshirt-20221124,Wilson in T-shirt,male,https://files2.heygen.ai/avatar/v3/61d53a2a1325467296f77ce7f510f1f4_1280/preview_talk_7.webp,https://files2.heygen.ai/avatar/v3/61d53a2a1325467296f77ce7f510f1f4_1280/preview_video_talk_7.mp4
Zoey-inshirt-20220816,Zoey in Shirt,female,https://files2.heygen.ai/avatar/v3/f1ac9458a4cb49bea6d80a8e54eea24a_1113/preview_talk_13.webp,https://files2.heygen.ai/avatar/v3/f1ac9458a4cb49bea6d80a8e54eea24a_1113/preview_video_talk_13.mp4
Adrian_public_3_20240312,Adrian in Blue Shirt,male,https://files2.heygen.ai/avatar/v3/696e5afe51ee4794aa232753fa703fea_14947/preview_talk_2.webp,https://files2.heygen.ai/avatar/v3/696e5afe51ee4794aa232753fa703fea_14947/preview_video_talk_2.mp4
Adrian_public_2_20240312,Adrian in Blue Suit,male,https://files2.heygen.ai/avatar/v3/25ef6c86b1e946969d9a684870c47dfe_14947/preview_talk_1.webp,https://files2.heygen.ai/avatar/v3/25ef6c86b1e946969d9a684870c47dfe_14947/preview_video_talk_1.mp4
Adrian_public_20240312,Adrian in Blue Sweater,male,https://files2.heygen.ai/avatar/v3/3e3d8f2231e44f73af86ff2f68b7649a_14947/preview_talk_4.webp,https://files2.heygen.ai/avatar/v3/3e3d8f2231e44f73af86ff2f68b7649a_14947/preview_video_talk_4.mp4
Amanda_in_Grey_Shirt_Front,Amanda in Grey Shirt (Front),female,https://files2.heygen.ai/avatar/v3/ecd4d2f8ee2b4178929876bb86efa799_35020/preview_talk_1.webp,https://files2.heygen.ai/avatar/v3/ecd4d2f8ee2b4178929876bb86efa799_35020/preview_video_talk_1.mp4
Amanda_in_Grey_Shirt_Left,Amanda in Grey Shirt (Left),female,https://files2.heygen.ai/avatar/v3/f6f77b67900e45ffaf5f3fe756ba2bc2_35030/preview_talk_1.webp,https://files2.heygen.ai/avatar/v3/f6f77b67900e45ffaf5f3fe756ba2bc2_35030/preview_video_talk_1.mp4
Amanda_in_Grey_Shirt_Right,Amanda in Grey Shirt (Right),female,https://files2.heygen.ai/avatar/v3/93b2b6e3ceb34ca880a8c053ade3293c_35040/preview_talk_1.webp,https://files2.heygen.ai/avatar/v3/93b2b6e3ceb34ca880a8c053ade3293c_35040/preview_video_talk_1.mp4
Amanda_Maintenance_Front,Amanda in Maintenance (Front),female,https://files2.heygen.ai/avatar/v3/23807df66d6c4a2d89248ed269ef1a14_35020/preview_talk_2.webp,https://files2.heygen.ai/avatar/v3/23807df66d6c4a2d89248ed269ef1a14_35020/preview_video_talk_2.mp4
Amanda_Maintenance_Left,Amanda in Maintenance (Left),female,https://files2.heygen.ai/avatar/v3/7736e274ddb24d08a1168653ea5c11b2_35030/preview_talk_2.webp,https://files2.heygen.ai/avatar/v3/7736e274ddb24d08a1168653ea5c11b2_35030/preview_video_talk_2.mp4
Amanda_Maintenance_Right,Amanda in Maintenance (Right),female,https://files2.heygen.ai/avatar/v3/21a54eff27e54a98acd49ad2b33cc657_35040/preview_talk_2.webp,https://files2.heygen.ai/avatar/v3/21a54eff27e54a98acd49ad2b33cc657_35040/preview_video_talk_2.mp4
Andrew_public_pro4_20230614,Alex in Yellow Sweater,male,https://files2.heygen.ai/avatar/v3/7cd8a8ebd400418a97274f159f27b531_2745/preview_talk_1.webp,https://files2.heygen.ai/avatar/v3/7cd8a8ebd400418a97274f159f27b531_2745/preview_video_talk_1.mp4
Anna_public_3_20240108,Anna in Brown T-shirt,female,https://files2.heygen.ai/avatar/v3/3c427d8c81414355b04c2b25a1e7873a_13216/preview_talk_3.webp,https://files2.heygen.ai/avatar/v3/3c427d8c81414355b04c2b25a1e7873a_13216/preview_video_talk_3.mp4
Armando_Suit_Front_public,Armando Suit Front,male,https://files2.heygen.ai/avatar/v3/ef41b4d270ae48b0af554464adde71aa_43280/preview_talk_5.webp,https://files2.heygen.ai/avatar/v3/ef41b4d270ae48b0af554464adde71aa_43280/preview_video_talk_5.mp4
Armando_Suit_Side_public,Armando Suit Side,male,https://files2.heygen.ai/avatar/v3/866961acf5084781b1557068ada1dd28_43460/preview_target.webp,https://files2.heygen.ai/avatar/v3/866961acf5084781b1557068ada1dd28_43460/preview_video_target.mp4
August_Casual_Front_public,August Casual Front,male,https://files2.heygen.ai/avatar/v3/483f52a8e2c84a41ad2b3c2dc985e2a1_42700/preview_talk_2.webp,https://files2.heygen.ai/avatar/v3/483f52a8e2c84a41ad2b3c2dc985e2a1_42700/preview_video_talk_2.mp4
August_Employee_Front_public,August Employee Front,male,https://files2.heygen.ai/avatar/v3/acf277577bc74c7a9cf97f06b04f9aa1_42700/preview_target.webp,https://files2.heygen.ai/avatar/v3/acf277577bc74c7a9cf97f06b04f9aa1_42700/preview_video_target.mp4
August_Hoodies_Front2_public,August Hoodies Front 2,male,https://files2.heygen.ai/avatar/v3/587df623272843cca6ccbe4db2b27abe_42700/preview_talk_3.webp,https://files2.heygen.ai/avatar/v3/587df623272843cca6ccbe4db2b27abe_42700/preview_video_talk_3.mp4
August_Hoodies_Front_public,August Hoodies Front,male,https://files2.heygen.ai/avatar/v3/c39391b38b9341e3b1bf3395d601f910_42700/preview_talk_4.webp,https://files2.heygen.ai/avatar/v3/c39391b38b9341e3b1bf3395d601f910_42700/preview_video_talk_4.mp4
Bahar_Business_Front_public,Bahar Business Front,female,https://files2.heygen.ai/avatar/v3/94b3783586ad4a5bad570b07e81613a4_42880/preview_talk_1.webp,https://files2.heygen.ai/avatar/v3/94b3783586ad4a5bad570b07e81613a4_42880/preview_video_talk_1.mp4
Bahar_Business_Side_public,Bahar Business Side,female,https://files2.heygen.ai/avatar/v3/a96302474efd47ab9f42313e5a82ee05_42890/preview_talk_1.webp,https://files2.heygen.ai/avatar/v3/a96302474efd47ab9f42313e5a82ee05_42890/preview_video_talk_1.mp4
Bahar_Casual_Sitting_Front2_public,Bahar Casual Sitting Front 2,female,https://files2.heygen.ai/avatar/v3/bdf6a54fc1cc412fb59b7dbd4e96713c_43180/preview_target.webp,https://files2.heygen.ai/avatar/v3/bdf6a54fc1cc412fb59b7dbd4e96713c_43180/preview_video_target.mp4
Bahar_Casual_Sitting_Side2_public,Bahar Casual Sitting Side 2,female,https://files2.heygen.ai/avatar/v3/4fc10ac8217f45beb88e41f24ba13aa6_43190/preview_talk_2.webp,https://files2.heygen.ai/avatar/v3/4fc10ac8217f45beb88e41f24ba13aa6_43190/preview_video_talk_2.mp4
Bahar_Denim_Casual_Front_public,Bahar Denim Casual Front,female,https://files2.heygen.ai/avatar/v3/964bf1663527476f8903cf7752e10200_42880/preview_talk_4.webp,https://files2.heygen.ai/avatar/v3/964bf1663527476f8903cf7752e10200_42880/preview_video_talk_4.mp4
Bahar_Denim_Casual_Side_public,Bahar Denim Casual Side,female,https://files2.heygen.ai/avatar/v3/8f913b5aba2349b190292af2e0e41fa1_42890/preview_talk_5.webp,https://files2.heygen.ai/avatar/v3/8f913b5aba2349b190292af2e0e41fa1_42890/preview_video_talk_5.mp4
Bahar_Denim_Front_public,Bahar Denim Front,female,https://files2.heygen.ai/avatar/v3/e09fcd146f1342fd9ad2ece55e5e4bba_42880/preview_talk_3.webp,https://files2.heygen.ai/avatar/v3/e09fcd146f1342fd9ad2ece55e5e4bba_42880/preview_video_talk_3.mp4
Bahar_Denim_Side_public,Bahar Denim Side,female,https://files2.heygen.ai/avatar/v3/7d0c09fbdcae4689bcbb23d634b62ac9_42890/preview_talk_4.webp,https://files2.heygen.ai/avatar/v3/7d0c09fbdcae4689bcbb23d634b62ac9_42890/preview_video_talk_4.mp4
Bahar_Suit_Front_public,Bahar Suit Front,female,https://files2.heygen.ai/avatar/v3/1cab6f2c26f14b18a05aa972b9f229e8_42880/preview_target.webp,https://files2.heygen.ai/avatar/v3/1cab6f2c26f14b18a05aa972b9f229e8_42880/preview_video_target.mp4
Bahar_Suit_Side_public,Bahar Suit Side,female,https://files2.heygen.ai/avatar/v3/95893e8e41ce40288e0dba37058a6f3f_42890/preview_target.webp,https://files2.heygen.ai/avatar/v3/95893e8e41ce40288e0dba37058a6f3f_42890/preview_video_target.mp4
Bradley_Blue_Shirt_Front,Bradley in Blue Shirt (Front),male,https://files2.heygen.ai/avatar/v3/49220aa3db2541c5b56e1386e0014ecf_34490/preview_talk_2.webp,https://files2.heygen.ai/avatar/v3/49220aa3db2541c5b56e1386e0014ecf_34490/preview_video_talk_2.mp4
Bradley_Blue_Shirt_Left,Bradley in Blue Shirt (Left),male,https://files2.heygen.ai/avatar/v3/2c266f31fb9f4f92b9c00ef56bf5fdef_34500/preview_talk_2.webp,https://files2.heygen.ai/avatar/v3/2c266f31fb9f4f92b9c00ef56bf5fdef_34500/preview_video_talk_2.mp4
Bradley_Blue_Shirt_Right,Bradley in Blue Shirt (Right),male,https://files2.heygen.ai/avatar/v3/706eac56881e4a4d8494f6e1dc08fd93_34510/preview_talk_2.webp,https://files2.heygen.ai/avatar/v3/706eac56881e4a4d8494f6e1dc08fd93_34510/preview_video_talk_2.mp4
Bradley_Doctor_Front,Bradley in Doctor (Front),male,https://files2.heygen.ai/avatar/v3/ab93928a6e14473f81880393e92ebfcf_34490/preview_target.webp,https://files2.heygen.ai/avatar/v3/ab93928a6e14473f81880393e92ebfcf_34490/preview_video_target.mp4
Bradley_Doctor_Left,Bradley in Doctor (Left),male,https://files2.heygen.ai/avatar/v3/7f5cd2b39cc949b8a52fc00479ab9679_34500/preview_target.webp,https://files2.heygen.ai/avatar/v3/7f5cd2b39cc949b8a52fc00479ab9679_34500/preview_video_target.mp4
Bradley_Doctor_Right,Bradley in Doctor (Right),male,https://files2.heygen.ai/avatar/v3/090fb330b0e14f5184595bd585fcb011_34510/preview_target.webp,https://files2.heygen.ai/avatar/v3/090fb330b0e14f5184595bd585fcb011_34510/preview_video_target.mp4
Briana_public_3_20240110,Briana in Brown suit,female,https://files2.heygen.ai/avatar/v3/e50a097f50b541749c318dfedfe9c640_13311/preview_talk_4.webp,https://files2.heygen.ai/avatar/v3/e50a097f50b541749c318dfedfe9c640_13311/preview_video_talk_4.mp4
Bryan_Casual_Front_public,Bryan Casual Front,male,https://files2.heygen.ai/avatar/v3/081f26a79daa4f38b6dd91c65b9d0889_43310/preview_target.webp,https://files2.heygen.ai/avatar/v3/081f26a79daa4f38b6dd91c65b9d0889_43310/preview_video_target.mp4
Bryan_Casual_Side_public,Bryan Casual Side,male,https://files2.heygen.ai/avatar/v3/1e2f2a63828044a8914069748fe264ab_43320/preview_target.webp,https://files2.heygen.ai/avatar/v3/1e2f2a63828044a8914069748fe264ab_43320/preview_video_target.mp4
Bryan_Suit_Front_public,Bryan Suit Front,male,https://files2.heygen.ai/avatar/v3/4a77fc7cc1cb4304b40c61ac1e11921a_43310/preview_talk_2.webp,https://files2.heygen.ai/avatar/v3/4a77fc7cc1cb4304b40c61ac1e11921a_43310/preview_video_talk_2.mp4
Bryan_Suit_Side_public,Bryan Suit Side,male,https://files2.heygen.ai/avatar/v3/a2592f1e4fdb4af5868f6f01b1a2e83e_43320/preview_talk_2.webp,https://files2.heygen.ai/avatar/v3/a2592f1e4fdb4af5868f6f01b1a2e83e_43320/preview_video_talk_2.mp4
Candace_Beige_Dress_Front,Candace in Beige Dress (Front),female,https://files2.heygen.ai/avatar/v3/bb948a1bf0fb4f9b9b2039cf3ed2013d_34520/preview_target.webp,https://files2.heygen.ai/avatar/v3/bb948a1bf0fb4f9b9b2039cf3ed2013d_34520/preview_video_target.mp4
Candace_Beige_Dress_Left,Candace in Beige Dress (Left),female,https://files2.heygen.ai/avatar/v3/209f38334f324ce489edc92f83605c45_34530/preview_target.webp,https://files2.heygen.ai/avatar/v3/209f38334f324ce489edc92f83605c45_34530/preview_video_target.mp4
Candace_Beige_Dress_Right,Candace in Beige Dress (Right),female,https://files2.heygen.ai/avatar/v3/bbff688b03724c0da88c13bcd65033e5_34540/preview_target.webp,https://files2.heygen.ai/avatar/v3/bbff688b03724c0da88c13bcd65033e5_34540/preview_video_target.mp4
Candace_Doctor_Front,Candace in Doctor (Front),female,https://files2.heygen.ai/avatar/v3/61368abc197e4cd6ad4f3d2d3a5c0054_34850/preview_target.webp,https://files2.heygen.ai/avatar/v3/61368abc197e4cd6ad4f3d2d3a5c0054_34850/preview_video_target.mp4
Candace_Doctor_Left,Candace in Doctor (Left),female,https://files2.heygen.ai/avatar/v3/3f24528591ce4cc39823537683f4ba02_34860/preview_target.webp,https://files2.heygen.ai/avatar/v3/3f24528591ce4cc39823537683f4ba02_34860/preview_video_target.mp4
Candace_Doctor_Right,Candace in Doctor (Right),female,https://files2.heygen.ai/avatar/v3/dbb8126d62064cbba68145d2e8f308aa_34870/preview_target.webp,https://files2.heygen.ai/avatar/v3/dbb8126d62064cbba68145d2e8f308aa_34870/preview_video_target.mp4
Carla_in_Doctor_Front,Carla in Doctor (Front),female,https://files2.heygen.ai/avatar/v3/0ce4e8f76382460f90c8200db2ea18b8_35400/preview_target.webp,https://files2.heygen.ai/avatar/v3/0ce4e8f76382460f90c8200db2ea18b8_35400/preview_video_target.mp4
Carla_in_Doctor_Left,Carla in Doctor (Left),female,https://files2.heygen.ai/avatar/v3/98a665dd632248559fb25a7cecafe4ed_35270/preview_talk_2.webp,https://files2.heygen.ai/avatar/v3/98a665dd632248559fb25a7cecafe4ed_35270/preview_video_talk_2.mp4
Carla_in_Doctor_Right,Carla in Doctor (Right),female,https://files2.heygen.ai/avatar/v3/e9a8136d450f4570a51fd2b11081c55a_35280/preview_talk_2.webp,https://files2.heygen.ai/avatar/v3/e9a8136d450f4570a51fd2b11081c55a_35280/preview_video_talk_2.mp4
Chad_in_Grey_Shirt_Front,Chad in Grey Shirt (Front),male,https://files2.heygen.ai/avatar/v3/525340ba68ed423bb9bd8620ac7e66ea_34900/preview_talk_1.webp,https://files2.heygen.ai/avatar/v3/525340ba68ed423bb9bd8620ac7e66ea_34900/preview_video_talk_1.mp4
Chad_in_Grey_Shirt_Left,Chad in Grey Shirt (Left),male,https://files2.heygen.ai/avatar/v3/38de15d384614b3c8004e7286eac43ad_34910/preview_talk_1.webp,https://files2.heygen.ai/avatar/v3/38de15d384614b3c8004e7286eac43ad_34910/preview_video_talk_1.mp4
Chad_in_Grey_Shirt_Right,Chad in Grey Shirt (Right),male,https://files2.heygen.ai/avatar/v3/69ed9db7f4c14a848ac10a4971d961e5_34920/preview_talk_1.webp,https://files2.heygen.ai/avatar/v3/69ed9db7f4c14a848ac10a4971d961e5_34920/preview_video_talk_1.mp4
Chad_Maintenance_Front,Chad in Maintenance (Front),male,https://files2.heygen.ai/avatar/v3/ac048b34f66c4526a396842915c438c8_34900/preview_talk_2.webp,https://files2.heygen.ai/avatar/v3/ac048b34f66c4526a396842915c438c8_34900/preview_video_talk_2.mp4
Chad_Maintenance_Left,Chad in Maintenance (Left),male,https://files2.heygen.ai/avatar/v3/bcc11928ea3e4af2a56f03403aaf59a2_34910/preview_talk_2.webp,https://files2.heygen.ai/avatar/v3/bcc11928ea3e4af2a56f03403aaf59a2_34910/preview_video_talk_2.mp4
Chad_Maintenance_Right,Chad in Maintenance (Right),male,https://files2.heygen.ai/avatar/v3/d7c033a06a4843a185c7206dcacd16cd_34920/preview_talk_2.webp,https://files2.heygen.ai/avatar/v3/d7c033a06a4843a185c7206dcacd16cd_34920/preview_video_talk_2.mp4
Chakir_headscarf_Front,Chakir in Headscarf (Front),male,https://files2.heygen.ai/avatar/v3/1455b446cbb841ec80b14cbce4f9abed_34990/preview_talk_1.webp,https://files2.heygen.ai/avatar/v3/1455b446cbb841ec80b14cbce4f9abed_34990/preview_video_talk_1.mp4
Chakir_headscarf_Left,Chakir in Headscarf (Left),male,https://files2.heygen.ai/avatar/v3/2df99c3628df4d61b2a9a1b8aaf3751d_35200/preview_target.webp,https://files2.heygen.ai/avatar/v3/2df99c3628df4d61b2a9a1b8aaf3751d_35200/preview_video_target.mp4
Chakir_headscarf_Right,Chakir in Headscarf (Right),male,https://files2.heygen.ai/avatar/v3/446b8476089c4469bcb77d92c5b5bb37_35010/preview_talk_1.webp,https://files2.heygen.ai/avatar/v3/446b8476089c4469bcb77d92c5b5bb37_35010/preview_video_talk_1.mp4
Darnell_Bordeaux_Polo_Front,Darnell in Bordeaux Polo (Front),male,https://files2.heygen.ai/avatar/v3/4d87ef7888ba49fdb6e591523286bcce_34550/preview_target.webp,https://files2.heygen.ai/avatar/v3/4d87ef7888ba49fdb6e591523286bcce_34550/preview_video_target.mp4
Darnell_Bordeaux_Polo_Left,Darnell in Bordeaux Polo (Left),male,https://files2.heygen.ai/avatar/v3/4118c7aecff5413c8adf07d6017f54dd_34560/preview_target.webp,https://files2.heygen.ai/avatar/v3/4118c7aecff5413c8adf07d6017f54dd_34560/preview_video_target.mp4
Darnell_Bordeaux_Polo_Right,Darnell in Bordeaux Polo (Right),male,https://files2.heygen.ai/avatar/v3/dae7a6dbfe324a5ea9a039b3eb09bc4a_34570/preview_target.webp,https://files2.heygen.ai/avatar/v3/dae7a6dbfe324a5ea9a039b3eb09bc4a_34570/preview_video_target.mp4
Darnell_Doktor_Front,Darnell in Doktor (Front),male,https://files2.heygen.ai/avatar/v3/f5f998247bd44b8db4b5e1968660c59a_34550/preview_talk_2.webp,https://files2.heygen.ai/avatar/v3/f5f998247bd44b8db4b5e1968660c59a_34550/preview_video_talk_2.mp4
Darnell_Doktor_Left,Darnell in Doktor (Left),male,https://files2.heygen.ai/avatar/v3/39d3d1460aa34c7fa6b33c57859c5a9e_34560/preview_talk_2.webp,https://files2.heygen.ai/avatar/v3/39d3d1460aa34c7fa6b33c57859c5a9e_34560/preview_video_talk_2.mp4
Darnell_Doktor_Right,Darnell in Doktor (Right),male,https://files2.heygen.ai/avatar/v3/8115f90b34374623b3ef741a002a1a8c_34570/preview_talk_2.webp,https://files2.heygen.ai/avatar/v3/8115f90b34374623b3ef741a002a1a8c_34570/preview_video_talk_2.mp4
Dexter_Casual_Front_public,Dexter Casual Front,male,https://files2.heygen.ai/avatar/v3/587683450ec943279bce9afc783b933f_43260/preview_target.webp,https://files2.heygen.ai/avatar/v3/587683450ec943279bce9afc783b933f_43260/preview_video_target.mp4
Dexter_Casual_Side_public,Dexter Casuat Side,male,https://files2.heygen.ai/avatar/v3/1f822595f1fb4c6281147bd1d1538c92_43270/preview_target.webp,https://files2.heygen.ai/avatar/v3/1f822595f1fb4c6281147bd1d1538c92_43270/preview_video_target.mp4
Dexter_Suit_Front_public,Dexter Suit Front,male,https://files2.heygen.ai/avatar/v3/288aae5264734e64b14de9231572cf92_43260/preview_talk_2.webp,https://files2.heygen.ai/avatar/v3/288aae5264734e64b14de9231572cf92_43260/preview_video_talk_2.mp4
Dexter_Suit_Side_public,Dexter Suit Side,male,https://files2.heygen.ai/avatar/v3/88fa92f1f60543f8944909337264f8fa_43270/preview_talk_2.webp,https://files2.heygen.ai/avatar/v3/88fa92f1f60543f8944909337264f8fa_43270/preview_video_talk_2.mp4
Dexter_Winter_Coat_Front_public,Dexter Winter Coat Front,male,https://files2.heygen.ai/avatar/v3/30a5aea324364db5872aabd1a0a8721d_43260/preview_talk_1.webp,https://files2.heygen.ai/avatar/v3/30a5aea324364db5872aabd1a0a8721d_43260/preview_video_talk_1.mp4
Dexter_Winter_Coat_Side_public,Dexter Winter Coat Side,male,https://files2.heygen.ai/avatar/v3/602b80061fb04631b08e975c5985d2cf_43270/preview_talk_1.webp,https://files2.heygen.ai/avatar/v3/602b80061fb04631b08e975c5985d2cf_43270/preview_video_talk_1.mp4
Diana_public_2_20240315,Diana in Black Camisole Top,female,https://files2.heygen.ai/avatar/v3/70850f0bfc214a58a1c51e27de52fa84_15336/preview_talk_1.webp,https://files2.heygen.ai/avatar/v3/70850f0bfc214a58a1c51e27de52fa84_15336/preview_video_talk_1.mp4
Diana_public_3_20240315,Diana in Striped Shirt,female,https://files2.heygen.ai/avatar/v3/43fe3f127f0d49d08729d621c2b534c9_15336/preview_talk_3.webp,https://files2.heygen.ai/avatar/v3/43fe3f127f0d49d08729d621c2b534c9_15336/preview_video_talk_3.mp4
Diana_public_20240315,Diana in White Shirt,female,https://files2.heygen.ai/avatar/v3/cfaac1bd37ac4a97b44f4232fc88a724_15336/preview_talk_5.webp,https://files2.heygen.ai/avatar/v3/cfaac1bd37ac4a97b44f4232fc88a724_15336/preview_video_talk_5.mp4
Diran_Casual_Front_public,Diran Casual Front,male,https://files2.heygen.ai/avatar/v3/e477a746635a447abf4a914add4647e8_42070/preview_talk_1.webp,https://files2.heygen.ai/avatar/v3/e477a746635a447abf4a914add4647e8_42070/preview_video_talk_1.mp4
Diran_Casual_Side_public,Diran Casual Side,male,https://files2.heygen.ai/avatar/v3/419bbd32272a49558b2d64002b2d36e5_42080/preview_talk_1.webp,https://files2.heygen.ai/avatar/v3/419bbd32272a49558b2d64002b2d36e5_42080/preview_video_talk_1.mp4
Diran_Jacket_Front_public,Diran Jacket Front,male,https://files2.heygen.ai/avatar/v3/b4f0f441120c4b91829474d2eec04a94_42290/preview_target.webp,https://files2.heygen.ai/avatar/v3/b4f0f441120c4b91829474d2eec04a94_42290/preview_video_target.mp4
Diran_Jacket_Side_public,Diran Jacket Side,male,https://files2.heygen.ai/avatar/v3/bded73fa5ae04fbe99c627027170b2af_42080/preview_target.webp,https://files2.heygen.ai/avatar/v3/bded73fa5ae04fbe99c627027170b2af_42080/preview_video_target.mp4
Diran_Macbook_Business_Front_public,Diran Macbook Business Front,male,https://files2.heygen.ai/avatar/v3/e548e03f4b184e468686a9f6601cd03f_42070/preview_talk_2.webp,https://files2.heygen.ai/avatar/v3/e548e03f4b184e468686a9f6601cd03f_42070/preview_video_talk_2.mp4
Diran_Macbook_Business_Side_public,Diran Macbook Business Side,male,https://files2.heygen.ai/avatar/v3/5f0ecfb9ce22464fbdbd6cf85af39bd6_42080/preview_talk_3.webp,https://files2.heygen.ai/avatar/v3/5f0ecfb9ce22464fbdbd6cf85af39bd6_42080/preview_video_talk_3.mp4
Diran_Suit_Front_public,Diran Suit Front,male,https://files2.heygen.ai/avatar/v3/af6571f2bf534d9ebe401af37cf43c05_42340/preview_target.webp,https://files2.heygen.ai/avatar/v3/af6571f2bf534d9ebe401af37cf43c05_42340/preview_video_target.mp4
Diran_Suit_Side_public,Diran Suit Side,male,https://files2.heygen.ai/avatar/v3/9c11e91378d7476c9b9d36e9ea8dc60d_42350/preview_target.webp,https://files2.heygen.ai/avatar/v3/9c11e91378d7476c9b9d36e9ea8dc60d_42350/preview_video_target.mp4
Diran_iPad_Front_public,Diran iPad Front,male,https://files2.heygen.ai/avatar/v3/7ee42a37066f496790e1070606547b90_42290/preview_talk_1.webp,https://files2.heygen.ai/avatar/v3/7ee42a37066f496790e1070606547b90_42290/preview_video_talk_1.mp4
Diran_iPad_Side_public,Diran iPad Side,male,https://files2.heygen.ai/avatar/v3/b400a91cb9f44e97925b930da45532e6_42300/preview_target.webp,https://files2.heygen.ai/avatar/v3/b400a91cb9f44e97925b930da45532e6_42300/preview_video_target.mp4
Elenora_Casual_Front_public,Elenora Casual Front,female,https://files2.heygen.ai/avatar/v3/b62300f2487e44c5be5b5ea14c90717e_43220/preview_talk_3.webp,https://files2.heygen.ai/avatar/v3/b62300f2487e44c5be5b5ea14c90717e_43220/preview_video_talk_3.mp4
Elenora_Casual_Side_public,Elenora Casual Side,female,https://files2.heygen.ai/avatar/v3/d13e6bed695440acbe3a18fa87a35fcc_43230/preview_talk_3.webp,https://files2.heygen.ai/avatar/v3/d13e6bed695440acbe3a18fa87a35fcc_43230/preview_video_talk_3.mp4
Elenora_Suit_Front_public,Elenora Suit Front,female,https://files2.heygen.ai/avatar/v3/f674b92def174246b17570b2b25c2cb2_43220/preview_talk_2.webp,https://files2.heygen.ai/avatar/v3/f674b92def174246b17570b2b25c2cb2_43220/preview_video_talk_2.mp4
Elenora_Suit_Side_public,Elenora Suit Side,female,https://files2.heygen.ai/avatar/v3/dd36ae26fdae453e8b255cf9f0294be5_43230/preview_talk_2.webp,https://files2.heygen.ai/avatar/v3/dd36ae26fdae453e8b255cf9f0294be5_43230/preview_video_talk_2.mp4
Elenora_YellowDress_Front_public,Elenora YellowDress Front,female,https://files2.heygen.ai/avatar/v3/cc3775c857904e5ca2c1e9f0704eeb8f_43220/preview_talk_1.webp,https://files2.heygen.ai/avatar/v3/cc3775c857904e5ca2c1e9f0704eeb8f_43220/preview_video_talk_1.mp4
Elenora_YellowDress_Side_public,Elenora YellowDress Side,female,https://files2.heygen.ai/avatar/v3/f06c1cfc15574d7bbfed820c52cd35bc_43230/preview_target.webp,https://files2.heygen.ai/avatar/v3/f06c1cfc15574d7bbfed820c52cd35bc_43230/preview_video_target.mp4
Eric_public_pro2_20230608,Edward in Blue Shirt,male,https://files2.heygen.ai/avatar/v3/bab998cb82fb4423b521341a9e962017_2662/preview_target.webp,https://files2.heygen.ai/avatar/v3/bab998cb82fb4423b521341a9e962017_2662/preview_video_target.mp4
Francis_in_Blazer_Front,Francis in Blazer (Front),male,https://files2.heygen.ai/avatar/v3/811f924027e4432dab06d4b2f47d8cc1_35230/preview_talk_1.webp,https://files2.heygen.ai/avatar/v3/811f924027e4432dab06d4b2f47d8cc1_35230/preview_video_talk_1.mp4
Francis_in_Blazer_Left,Francis in Blazer (Left),male,https://files2.heygen.ai/avatar/v3/d04fefce25b94677b4b4a793d12e2c6f_35240/preview_talk_1.webp,https://files2.heygen.ai/avatar/v3/d04fefce25b94677b4b4a793d12e2c6f_35240/preview_video_talk_1.mp4
Francis_in_Blazer_Right,Francis in Blazer (Right),male,https://files2.heygen.ai/avatar/v3/c0ec26484ee44784b79327627a127908_35250/preview_talk_1.webp,https://files2.heygen.ai/avatar/v3/c0ec26484ee44784b79327627a127908_35250/preview_video_talk_1.mp4
Francis_in_Doctor_Front,Francis in Doctor (Front),male,https://files2.heygen.ai/avatar/v3/e7394dfe88e74f468eca3054a8cad2a1_35230/preview_talk_2.webp,https://files2.heygen.ai/avatar/v3/e7394dfe88e74f468eca3054a8cad2a1_35230/preview_video_talk_2.mp4
Francis_in_Doctor_Left,Francis in Doctor (Left),male,https://files2.heygen.ai/avatar/v3/a16a917ce742404da06db49a9dd4f52d_35240/preview_talk_2.webp,https://files2.heygen.ai/avatar/v3/a16a917ce742404da06db49a9dd4f52d_35240/preview_video_talk_2.mp4
Francis_in_Doctor_Right,Francis in Doctor (Right),male,https://files2.heygen.ai/avatar/v3/7344b244f0274501947605c5f694c021_35250/preview_talk_2.webp,https://files2.heygen.ai/avatar/v3/7344b244f0274501947605c5f694c021_35250/preview_video_talk_2.mp4
Gabriel_public_2_20240308,Gabriel in Black Sweatshirt,male,https://files2.heygen.ai/avatar/v3/cad18b5267ef4f2299bb14b0dedf7987_17230/preview_talk_2.webp,https://files2.heygen.ai/avatar/v3/cad18b5267ef4f2299bb14b0dedf7987_17230/preview_video_talk_2.mp4
Gabriel_public_20240308,Gabriel in Blue Suit,male,https://files2.heygen.ai/avatar/v3/d977251fe0944f579eae1c40f4350909_17230/preview_talk_5.webp,https://files2.heygen.ai/avatar/v3/d977251fe0944f579eae1c40f4350909_17230/preview_video_talk_5.mp4
Gabriel_public_3_20240308,Gabriel in Gray Shirt,male,https://files2.heygen.ai/avatar/v3/b35452c5e5dd469d90502860e8e411d6_17230/preview_talk_1.webp,https://files2.heygen.ai/avatar/v3/b35452c5e5dd469d90502860e8e411d6_17230/preview_video_talk_1.mp4
Hada_Casual_Cup_Front_public,Hada Casual Cup Front,female,https://files2.heygen.ai/avatar/v3/4e16ac8a870c4235aaed50ce2db3158e_44180/preview_talk_2.webp,https://files2.heygen.ai/avatar/v3/4e16ac8a870c4235aaed50ce2db3158e_44180/preview_video_talk_2.mp4
Hada_Casual_Cup_Side_public,Hada Casual Cup Side,female,https://files2.heygen.ai/avatar/v3/a4a9f7552e2048f1a0a2af80691c8e2c_44190/preview_talk_1.webp,https://files2.heygen.ai/avatar/v3/a4a9f7552e2048f1a0a2af80691c8e2c_44190/preview_video_talk_1.mp4
Hada_Casual_Front_public,Hada Casual Front,female,https://files2.heygen.ai/avatar/v3/18d30133b9b942c18e441261118acb4a_44180/preview_target.webp,https://files2.heygen.ai/avatar/v3/18d30133b9b942c18e441261118acb4a_44180/preview_video_target.mp4
Hada_Casual_Side_public,Hada Casual Side,female,https://files2.heygen.ai/avatar/v3/1c3787bed85043a994220f22dd6b7b5e_45000/preview_target.webp,https://files2.heygen.ai/avatar/v3/1c3787bed85043a994220f22dd6b7b5e_45000/preview_video_target.mp4
Hada_LivelyGestures_Front_public,Hada LivelyGestures Front,female,https://files2.heygen.ai/avatar/v3/c917762dec9a4db6b0ee92b69bc14a93_45020/preview_target.webp,https://files2.heygen.ai/avatar/v3/c917762dec9a4db6b0ee92b69bc14a93_45020/preview_video_target.mp4
Hada_LivelyGestures_Side_public,Hada LivelyGestures Side,female,https://files2.heygen.ai/avatar/v3/26e4b9c25df84940bd1d8829a89f54e4_45010/preview_target.webp,https://files2.heygen.ai/avatar/v3/26e4b9c25df84940bd1d8829a89f54e4_45010/preview_video_target.mp4
Hada_Suit_Front_2_public,Hada Suit Front 2,female,https://files2.heygen.ai/avatar/v3/c3b773fd6744488886fd26ffedffcc34_43300/preview_talk_1.webp,https://files2.heygen.ai/avatar/v3/c3b773fd6744488886fd26ffedffcc34_43300/preview_video_talk_1.mp4
Hada_Suit_Front_public,Hada Suit Front,female,https://files2.heygen.ai/avatar/v3/b067ea74fb7848e49ed1fde8ceb2e710_43300/preview_talk_2.webp,https://files2.heygen.ai/avatar/v3/b067ea74fb7848e49ed1fde8ceb2e710_43300/preview_video_talk_2.mp4
Hada_Suit_Side2_public,Hada Suit Side 2,female,https://files2.heygen.ai/avatar/v3/1110ae32c5e14ff3bd15c25aa9ddae80_42510/preview_talk_4.webp,https://files2.heygen.ai/avatar/v3/1110ae32c5e14ff3bd15c25aa9ddae80_42510/preview_video_talk_4.mp4
Hada_Suit_Side_public,Hada Suit Side,female,https://files2.heygen.ai/avatar/v3/ff03ea60b2984ae3a14bba341d0178db_42510/preview_target.webp,https://files2.heygen.ai/avatar/v3/ff03ea60b2984ae3a14bba341d0178db_42510/preview_video_target.mp4
Hada_Suit_Sitting_Front_2_public,Hada Suit Sitting Front 2,female,https://files2.heygen.ai/avatar/v3/c0d0ac2b731941efae72f63f3c9d18bc_43300/preview_target.webp,https://files2.heygen.ai/avatar/v3/c0d0ac2b731941efae72f63f3c9d18bc_43300/preview_video_target.mp4
Hada_Suit_Sitting_Front_public,Hada Suit Sitting Front,female,https://files2.heygen.ai/avatar/v3/ae0df3236f904dff8874014cb4b618d3_42510/preview_talk_2.webp,https://files2.heygen.ai/avatar/v3/ae0df3236f904dff8874014cb4b618d3_42510/preview_video_talk_2.mp4
Hada_Suit_Sitting_Side_public,Hada Suit Sitting Side,female,https://files2.heygen.ai/avatar/v3/662dc6736d624041bba54b818dcdf61e_42510/preview_talk_1.webp,https://files2.heygen.ai/avatar/v3/662dc6736d624041bba54b818dcdf61e_42510/preview_video_talk_1.mp4
Harrison_public_2_20240313,Harrison in Black Suit,male,https://files2.heygen.ai/avatar/v3/8ad113a9695d472ea8d825c41bdbbf04_15060/preview_target.webp,https://files2.heygen.ai/avatar/v3/8ad113a9695d472ea8d825c41bdbbf04_15060/preview_video_target.mp4
Harrison_public_20240313,Harrison in Gray Suit,male,https://files2.heygen.ai/avatar/v3/d0989ba9890542e7b88b8939392eb93b_15060/preview_talk_4.webp,https://files2.heygen.ai/avatar/v3/d0989ba9890542e7b88b8939392eb93b_15060/preview_video_talk_4.mp4
Harrison_public_3_20240313,Harrison in White Shirt,male,https://files2.heygen.ai/avatar/v3/cca5c6471a834e05b11056261082b22d_15060/preview_talk_2.webp,https://files2.heygen.ai/avatar/v3/cca5c6471a834e05b11056261082b22d_15060/preview_video_talk_2.mp4
Ian_public_3_20240315,Ian in Beige Shirt,male,https://files2.heygen.ai/avatar/v3/038552b4f7d647bb8ae98c7663d7b83e_15054/preview_talk_3.webp,https://files2.heygen.ai/avatar/v3/038552b4f7d647bb8ae98c7663d7b83e_15054/preview_video_talk_3.mp4
Ian_public_2_20240315,Ian in Black Jacket,male,https://files2.heygen.ai/avatar/v3/ebcd9c44cdb4424680c739d82d97d019_15054/preview_talk_1.webp,https://files2.heygen.ai/avatar/v3/ebcd9c44cdb4424680c739d82d97d019_15054/preview_video_talk_1.mp4
Ian_public_20240315,Ian in Gray Suit,male,https://files2.heygen.ai/avatar/v3/e652fd9e04c243dda50e0b77a3b03198_15054/preview_talk_4.webp,https://files2.heygen.ai/avatar/v3/e652fd9e04c243dda50e0b77a3b03198_15054/preview_video_talk_4.mp4
Ivan_public_20240312,Ivan in Black Suit,male,https://files2.heygen.ai/avatar/v3/7e2c41a638174c099ada043b4c03e351_14903/preview_target.webp,https://files2.heygen.ai/avatar/v3/7e2c41a638174c099ada043b4c03e351_14903/preview_video_target.mp4
Ivan_public_3_20240312,Ivan in Gary Suit,male,https://files2.heygen.ai/avatar/v3/7d7e75a13e2149769093feccebc765de_14903/preview_talk_2.webp,https://files2.heygen.ai/avatar/v3/7d7e75a13e2149769093feccebc765de_14903/preview_video_talk_2.mp4
Ivan_public_2_20240312,Ivan in Suit,male,https://files2.heygen.ai/avatar/v3/edbc3c434aa64141beb3e6b20602d781_14903/preview_talk_1.webp,https://files2.heygen.ai/avatar/v3/edbc3c434aa64141beb3e6b20602d781_14903/preview_video_talk_1.mp4
Ivan_public_4_20240312,Ivan in Sweater,male,https://files2.heygen.ai/avatar/v3/835cf0a1642c4e8e92d206ea277920e1_14903/preview_talk_5.webp,https://files2.heygen.ai/avatar/v3/835cf0a1642c4e8e92d206ea277920e1_14903/preview_video_talk_5.mp4
Jason_public_2_20240312,Jason in Black Jacket,male,https://files2.heygen.ai/avatar/v3/21374cc61f4c4a81971088ea00bbfd1f_15009/preview_target.webp,https://files2.heygen.ai/avatar/v3/21374cc61f4c4a81971088ea00bbfd1f_15009/preview_video_target.mp4
Jason_public_3_20240312,Jason in Blue Suit,male,https://files2.heygen.ai/avatar/v3/0622907387de443193028d6f055a1343_15009/preview_talk_4.webp,https://files2.heygen.ai/avatar/v3/0622907387de443193028d6f055a1343_15009/preview_video_talk_4.mp4
Jason_public_20240312,Jason in Gray Shirt,male,https://files2.heygen.ai/avatar/v3/7315c3664db441a48a19d55ef80c0cac_15009/preview_talk_2.webp,https://files2.heygen.ai/avatar/v3/7315c3664db441a48a19d55ef80c0cac_15009/preview_video_talk_2.mp4
Jin_Blue_Casual_Front_public,Jin Blue Casual Front,female,https://files2.heygen.ai/avatar/v3/20c964c5869042c687c5813c8a8a8c90_43380/preview_talk_2.webp,https://files2.heygen.ai/avatar/v3/20c964c5869042c687c5813c8a8a8c90_43380/preview_video_talk_2.mp4
Jin_Blue_Casual_Side_public,Jin Blue Casual Side,female,https://files2.heygen.ai/avatar/v3/e6b6af595712410bbb77af0a4e77dbce_43390/preview_target.webp,https://files2.heygen.ai/avatar/v3/e6b6af595712410bbb77af0a4e77dbce_43390/preview_video_target.mp4
Jin_Business_Coffee_Mode_Front_public,Jin Business Café Mode Front,female,https://files2.heygen.ai/avatar/v3/21e007276a5044a3ae5ac61b300cfe42_43420/preview_target.webp,https://files2.heygen.ai/avatar/v3/21e007276a5044a3ae5ac61b300cfe42_43420/preview_video_target.mp4
Jin_Business_Coffee_Mode_Side_public,Jin Business Café Mode Side,female,https://files2.heygen.ai/avatar/v3/33322c2138e34155bbddb19239f90853_43430/preview_talk_1.webp,https://files2.heygen.ai/avatar/v3/33322c2138e34155bbddb19239f90853_43430/preview_video_talk_1.mp4
Jin_Business_Sitting_Front_public,Jin Business Sitting Front,female,https://files2.heygen.ai/avatar/v3/1b46b4b37c5d4cf492bd9e81cdc04356_43420/preview_talk_2.webp,https://files2.heygen.ai/avatar/v3/1b46b4b37c5d4cf492bd9e81cdc04356_43420/preview_video_talk_2.mp4
Jin_Business_Sitting_Side_public,Jin Business Sitting Side,female,https://files2.heygen.ai/avatar/v3/3e39d646223545509db0d44b8f546e99_43430/preview_target.webp,https://files2.heygen.ai/avatar/v3/3e39d646223545509db0d44b8f546e99_43430/preview_video_target.mp4
Jin_Casual_Coffee_Mode_Front_public,Jin Casual Café Mode Front,female,https://files2.heygen.ai/avatar/v3/d5dc4b23bcbf49b493a3379c10f48781_43380/preview_target.webp,https://files2.heygen.ai/avatar/v3/d5dc4b23bcbf49b493a3379c10f48781_43380/preview_video_target.mp4
Jin_Casual_Coffee_Mode_Side_public,Jin Casual Café Mode Side,female,https://files2.heygen.ai/avatar/v3/2ddb844f42a5455fba4de7d080b1e1e2_43390/preview_talk_1.webp,https://files2.heygen.ai/avatar/v3/2ddb844f42a5455fba4de7d080b1e1e2_43390/preview_video_talk_1.mp4
Jin_Suit_Front_public,Jin Suit Front,female,https://files2.heygen.ai/avatar/v3/d1911c218dec4cf388b0b0de1b588d05_43420/preview_talk_1.webp,https://files2.heygen.ai/avatar/v3/d1911c218dec4cf388b0b0de1b588d05_43420/preview_video_talk_1.mp4
Jin_Suit_Side_public,Jin Suit Side,female,https://files2.heygen.ai/avatar/v3/aefa97afc4014d3388e80194d617a74f_43430/preview_talk_2.webp,https://files2.heygen.ai/avatar/v3/aefa97afc4014d3388e80194d617a74f_43430/preview_video_talk_2.mp4
Jin_in_Education_Front_public,Jin in Education Front,female,https://files2.heygen.ai/avatar/v3/65a1d2c0c10c4983ad91b790839e40fc_43400/preview_target.webp,https://files2.heygen.ai/avatar/v3/65a1d2c0c10c4983ad91b790839e40fc_43400/preview_video_target.mp4
Jin_in_Education_Side_public,Jin in Education Side,female,https://files2.heygen.ai/avatar/v3/b27c3fb37e454e5b8455aa8fd2d86b24_43410/preview_target.webp,https://files2.heygen.ai/avatar/v3/b27c3fb37e454e5b8455aa8fd2d86b24_43410/preview_video_target.mp4
Judy_Casual_Front_public,Judy Casual Front,female,https://files2.heygen.ai/avatar/v3/4a1b866440034b6e80a7d8299788e9c4_43240/preview_talk_3.webp,https://files2.heygen.ai/avatar/v3/4a1b866440034b6e80a7d8299788e9c4_43240/preview_video_talk_3.mp4
Judy_Casual_Side_public,Judy Casual Side,female,https://files2.heygen.ai/avatar/v3/35ac2c490fcd4e5abeb4cfe6d85493ec_43250/preview_talk_4.webp,https://files2.heygen.ai/avatar/v3/35ac2c490fcd4e5abeb4cfe6d85493ec_43250/preview_video_talk_4.mp4
Judy_Nurse_Front2_public,Judy Nurse Front 2,female,https://files2.heygen.ai/avatar/v3/b5e2d4736a014d688957c0b0f9399f46_43240/preview_talk_2.webp,https://files2.heygen.ai/avatar/v3/b5e2d4736a014d688957c0b0f9399f46_43240/preview_video_talk_2.mp4
Judy_Nurse_Side2_public,Judy Nurse Side 2,female,https://files2.heygen.ai/avatar/v3/af7607a5d023418eaec9596b89bd6edb_43250/preview_talk_2.webp,https://files2.heygen.ai/avatar/v3/af7607a5d023418eaec9596b89bd6edb_43250/preview_video_talk_2.mp4
Judy_Suit_Front_public,Judy Suit Front,female,https://files2.heygen.ai/avatar/v3/a9b93d5caa494bd1ba9eb07b2eeceb91_43240/preview_talk_4.webp,https://files2.heygen.ai/avatar/v3/a9b93d5caa494bd1ba9eb07b2eeceb91_43240/preview_video_talk_4.mp4
Judy_Suit_Side_public,Judy Suit Side,female,https://files2.heygen.ai/avatar/v3/6ed033c167474e0a8b61f2924541a59c_43250/preview_talk_3.webp,https://files2.heygen.ai/avatar/v3/6ed033c167474e0a8b61f2924541a59c_43250/preview_video_talk_3.mp4
Justin_public_2_20240308,Justin in Black Shirt,male,https://files2.heygen.ai/avatar/v3/9ae54bef2c444d68bbbb63021df4bbbb_14944/preview_talk_2.webp,https://files2.heygen.ai/avatar/v3/9ae54bef2c444d68bbbb63021df4bbbb_14944/preview_video_talk_2.mp4
Justin_public_20240308,Justin in Black Suit,male,https://files2.heygen.ai/avatar/v3/9ae54bef2c444d68bbbb63021df4bbbb_14944/preview_talk_5.webp,https://files2.heygen.ai/avatar/v3/9ae54bef2c444d68bbbb63021df4bbbb_14944/preview_video_talk_5.mp4
Justin_public_3_20240308,Justin in White Shirt,male,https://files2.heygen.ai/avatar/v3/9ae54bef2c444d68bbbb63021df4bbbb_14944/preview_target.webp,https://files2.heygen.ai/avatar/v3/9ae54bef2c444d68bbbb63021df4bbbb_14944/preview_video_target.mp4
Kelly_Blue_Shirt_Front,Kelly in Blue Shirt  (Front),female,https://files2.heygen.ai/avatar/v3/7d810f2227674342ac60646c2434ad73_34380/preview_target.webp,https://files2.heygen.ai/avatar/v3/7d810f2227674342ac60646c2434ad73_34380/preview_video_target.mp4
Kelly_Blue_Shirt_Left,Kelly in Blue Shirt (Left),female,https://files2.heygen.ai/avatar/v3/04980c3e031d44f1a255ee0320eb0e86_34390/preview_target.webp,https://files2.heygen.ai/avatar/v3/04980c3e031d44f1a255ee0320eb0e86_34390/preview_video_target.mp4
Kelly_Blue_Shirt_Right,Kelly in Blue Shirt (Right),female,https://files2.heygen.ai/avatar/v3/cc36136a7fcf423ba1569f9d8523b226_34400/preview_target.webp,https://files2.heygen.ai/avatar/v3/cc36136a7fcf423ba1569f9d8523b226_34400/preview_video_target.mp4
Kelly_Doctor_Front,Kelly in Doctor (Front),female,https://files2.heygen.ai/avatar/v3/022319a6924342cb9d20a55a2bb3ea5e_34380/preview_talk_2.webp,https://files2.heygen.ai/avatar/v3/022319a6924342cb9d20a55a2bb3ea5e_34380/preview_video_talk_2.mp4
Kelly_Doctor_Left,Kelly in Doctor (Left),female,https://files2.heygen.ai/avatar/v3/2322f9adec6647d9a6c8fb20ca326204_34390/preview_talk_2.webp,https://files2.heygen.ai/avatar/v3/2322f9adec6647d9a6c8fb20ca326204_34390/preview_video_talk_2.mp4
Kelly_Doctor_Right,Kelly in Doctor (Right),female,https://files2.heygen.ai/avatar/v3/7dd586797b57486084c509fb0c20930f_34400/preview_talk_2.webp,https://files2.heygen.ai/avatar/v3/7dd586797b57486084c509fb0c20930f_34400/preview_video_talk_2.mp4
Lily_public_pro1_20230614,Leah in Black Suit,female,https://files2.heygen.ai/avatar/v3/51267c0f0f2045518a8c66bb1709bf2a_2654/preview_target.webp,https://files2.heygen.ai/avatar/v3/51267c0f0f2045518a8c66bb1709bf2a_2654/preview_video_target.mp4
Luke_public_2_20240306,Luke in Yellow Jacket,male,https://files2.heygen.ai/avatar/v3/c326a7d470be4cd0b949cde567a68567_14857/preview_target.webp,https://files2.heygen.ai/avatar/v3/c326a7d470be4cd0b949cde567a68567_14857/preview_video_target.mp4
Maria_public_2_20240111,Maria in Black Suit,female,https://files2.heygen.ai/avatar/v3/59f9b51a1c3c4218a74dd324b0ac9e1e_13310/preview_talk_4.webp,https://files2.heygen.ai/avatar/v3/59f9b51a1c3c4218a74dd324b0ac9e1e_13310/preview_video_talk_4.mp4
Mason_public_3_20240304,Mason in Blue Sweater,male,https://files2.heygen.ai/avatar/v3/e7425ff40f38498085030cafa8108034_14757/preview_talk_1.webp,https://files2.heygen.ai/avatar/v3/e7425ff40f38498085030cafa8108034_14757/preview_video_talk_1.mp4
Neil_public_2_20240328,Neil in Black Shirt,male,https://files2.heygen.ai/avatar/v3/d64ba0e79efb4f7b8b156d429b035ae0_18200/preview_talk_2.webp,https://files2.heygen.ai/avatar/v3/d64ba0e79efb4f7b8b156d429b035ae0_18200/preview_video_talk_2.mp4
Neil_public_20240328,Neil in Black Suit ,male,https://files2.heygen.ai/avatar/v3/e3266036ba1f427c8c3267f894006e11_18200/preview_talk_4.webp,https://files2.heygen.ai/avatar/v3/e3266036ba1f427c8c3267f894006e11_18200/preview_video_talk_4.mp4
Neil_public_3_20240328,Neil in Yellow Jacket,male,https://files2.heygen.ai/avatar/v3/71c4aa021e6f4b10b0b1b4bb3742b8c4_18200/preview_target.webp,https://files2.heygen.ai/avatar/v3/71c4aa021e6f4b10b0b1b4bb3742b8c4_18200/preview_video_target.mp4
Odelia_public_2_20240326,Odelia in Blue Suit,female,https://files2.heygen.ai/avatar/v3/ad5ddeb5b3b2417c8474fc2f3b93af72_16270/preview_target.webp,https://files2.heygen.ai/avatar/v3/ad5ddeb5b3b2417c8474fc2f3b93af72_16270/preview_video_target.mp4
Odelia_public_3_20240326,Odelia in Red Dress ,female,https://files2.heygen.ai/avatar/v3/8c5b23e75d7c4584a0cbb8471fd7ac17_16270/preview_talk_2.webp,https://files2.heygen.ai/avatar/v3/8c5b23e75d7c4584a0cbb8471fd7ac17_16270/preview_video_talk_2.mp4
Odelia_public_20240326,Odelia in Yellow Suit,female,https://files2.heygen.ai/avatar/v3/12c23ceab7ca4022824e1d20c48efdcf_16270/preview_talk_4.webp,https://files2.heygen.ai/avatar/v3/12c23ceab7ca4022824e1d20c48efdcf_16270/preview_video_talk_4.mp4
Onat_Casual_Front_public,Onat Casual Front,male,https://files2.heygen.ai/avatar/v3/89e785397e134e74b9d151cef186fd18_42170/preview_target.webp,https://files2.heygen.ai/avatar/v3/89e785397e134e74b9d151cef186fd18_42170/preview_video_target.mp4
Onat_Casual_Side_public,Onat Casual Side,male,https://files2.heygen.ai/avatar/v3/460be1b4e464490aac05dd49a015fc36_42160/preview_target.webp,https://files2.heygen.ai/avatar/v3/460be1b4e464490aac05dd49a015fc36_42160/preview_video_target.mp4
Onat_Macbook_Front2_public,Onat Macbook Front 2,male,https://files2.heygen.ai/avatar/v3/ea9dbb4e93064b91998f52ce4ce4dbe1_43160/preview_talk_1.webp,https://files2.heygen.ai/avatar/v3/ea9dbb4e93064b91998f52ce4ce4dbe1_43160/preview_video_talk_1.mp4
Onat_Macbook_Front_public,Onat Macbook Front,male,https://files2.heygen.ai/avatar/v3/1e698e3842864d18b5150798de032a29_42200/preview_target.webp,https://files2.heygen.ai/avatar/v3/1e698e3842864d18b5150798de032a29_42200/preview_video_target.mp4
Onat_Macbook_Side2_public,Onat Macbook Side 2,male,https://files2.heygen.ai/avatar/v3/b85308fcc45649a59de48e1bc3d33c36_42130/preview_target.webp,https://files2.heygen.ai/avatar/v3/b85308fcc45649a59de48e1bc3d33c36_42130/preview_video_target.mp4
Onat_Macbook_Side_public,Onat Macbook Side,male,https://files2.heygen.ai/avatar/v3/ef074452bf15468e8bc3da2899696ac9_42210/preview_talk_2.webp,https://files2.heygen.ai/avatar/v3/ef074452bf15468e8bc3da2899696ac9_42210/preview_video_talk_2.mp4
Onat_Suit_Front_public,Onat Suit Front,male,https://files2.heygen.ai/avatar/v3/e2811ccbb3b247fabf76a93d288a75a6_43160/preview_target.webp,https://files2.heygen.ai/avatar/v3/e2811ccbb3b247fabf76a93d288a75a6_43160/preview_video_target.mp4
Onat_Suit_Side_public,Onat Suit Side,male,https://files2.heygen.ai/avatar/v3/62f72ca3ed5d4ea29fb67ebe233028c8_42140/preview_target.webp,https://files2.heygen.ai/avatar/v3/62f72ca3ed5d4ea29fb67ebe233028c8_42140/preview_video_target.mp4
Onat_iPad_Front_public,Onat iPad Front,male,https://files2.heygen.ai/avatar/v3/1959775809d7446294b1dc722a9a23a3_42200/preview_talk_1.webp,https://files2.heygen.ai/avatar/v3/1959775809d7446294b1dc722a9a23a3_42200/preview_video_talk_1.mp4
Onat_iPad_Side_public,Onat iPad Side,male,https://files2.heygen.ai/avatar/v3/481794844cf140e6a6d0f36e74d65315_42210/preview_talk_1.webp,https://files2.heygen.ai/avatar/v3/481794844cf140e6a6d0f36e74d65315_42210/preview_video_talk_1.mp4
Onat_iPad_Sitting_Front_public,Onat iPad Sitting Front,male,https://files2.heygen.ai/avatar/v3/ed1a51a567dd477cb274621e36a11ad3_42220/preview_target.webp,https://files2.heygen.ai/avatar/v3/ed1a51a567dd477cb274621e36a11ad3_42220/preview_video_target.mp4
Onat_iPad_Sitting_Side_public,Onat iPad Sitting Side,male,https://files2.heygen.ai/avatar/v3/096643a51ba74748abdf53f77c804fd8_42150/preview_target.webp,https://files2.heygen.ai/avatar/v3/096643a51ba74748abdf53f77c804fd8_42150/preview_video_target.mp4
Salma_headscarf_Front,Salma in headscarf (Front),female,https://files2.heygen.ai/avatar/v3/3aceb5e1b2cc4cc5993d703220dd9bf8_34960/preview_target.webp,https://files2.heygen.ai/avatar/v3/3aceb5e1b2cc4cc5993d703220dd9bf8_34960/preview_video_target.mp4
Salma_headscarf_Left,Salma in headscarf (Left),female,https://files2.heygen.ai/avatar/v3/e79c1ae85ac94afb9f0fbde8a68b4db4_34970/preview_target.webp,https://files2.heygen.ai/avatar/v3/e79c1ae85ac94afb9f0fbde8a68b4db4_34970/preview_video_target.mp4
Salma_headscarf_Right,Salma in headscarf (Right),female,https://files2.heygen.ai/avatar/v3/ea0b6f61b0c54fafb25984cb944b5069_34980/preview_target.webp,https://files2.heygen.ai/avatar/v3/ea0b6f61b0c54fafb25984cb944b5069_34980/preview_video_target.mp4
Sophia_public_2_20240320,Sophia in Black Shirt,female,https://files2.heygen.ai/avatar/v3/5ea6e259de514d50905cdfc5cd1d3554_15278/preview_talk_5.webp,https://files2.heygen.ai/avatar/v3/5ea6e259de514d50905cdfc5cd1d3554_15278/preview_video_talk_5.mp4
Sophia_public_3_20240320,Sophia in Suit ,female,https://files2.heygen.ai/avatar/v3/075e21343582402892ceec9744dba2fe_15278/preview_talk_3.webp,https://files2.heygen.ai/avatar/v3/075e21343582402892ceec9744dba2fe_15278/preview_video_talk_3.mp4
Sophia_public_20240320,Sophia in White Suit,female,https://files2.heygen.ai/avatar/v3/446572d3d2174b3b9245c966fe183207_15278/preview_target.webp,https://files2.heygen.ai/avatar/v3/446572d3d2174b3b9245c966fe183207_15278/preview_video_target.mp4
Susan_public_2_20240328,Susan in Black Shirt,female,https://files2.heygen.ai/avatar/v3/5dc05aef0295473da983300f43abf7fd_17860/preview_talk_5.webp,https://files2.heygen.ai/avatar/v3/5dc05aef0295473da983300f43abf7fd_17860/preview_video_talk_5.mp4
Susan_public_3_20240328,Susan in Black Suit,female,https://files2.heygen.ai/avatar/v3/cc39522acd1a4a8694847d655d8c1540_17860/preview_target.webp,https://files2.heygen.ai/avatar/v3/cc39522acd1a4a8694847d655d8c1540_17860/preview_video_target.mp4
Susan_public_20240328,Susan in Suit,female,https://files2.heygen.ai/avatar/v3/4ea29d1f60c1497bae28bdce8a4cc07c_17860/preview_talk_2.webp,https://files2.heygen.ai/avatar/v3/4ea29d1f60c1497bae28bdce8a4cc07c_17860/preview_video_talk_2.mp4
Travis_public_3_20240301,Travis in Black Suit,male,https://files2.heygen.ai/avatar/v3/e0301de245614a3c84417cd88dffa276_14677/preview_talk_2.webp,https://files2.heygen.ai/avatar/v3/e0301de245614a3c84417cd88dffa276_14677/preview_video_talk_2.mp4
Trevor_public_2_20240409,Trevor  in Plaid Shirt,male,https://files2.heygen.ai/avatar/v3/28f8c854f95e4e518ff9470028ef0c2c_20470/preview_talk_5.webp,https://files2.heygen.ai/avatar/v3/28f8c854f95e4e518ff9470028ef0c2c_20470/preview_video_talk_5.mp4
Trevor_public_4_20240409,Trevor in Blue Shirt,male,https://files2.heygen.ai/avatar/v3/acdf79c5062b4f8580ec4d5672419cfd_20470/preview_talk_1.webp,https://files2.heygen.ai/avatar/v3/acdf79c5062b4f8580ec4d5672419cfd_20470/preview_video_talk_1.mp4
Trevor_public_3_20240409,Trevor in Blue Suit,male,https://files2.heygen.ai/avatar/v3/feca55a0d4c14ff48fb563ccc009c3cd_20470/preview_talk_4.webp,https://files2.heygen.ai/avatar/v3/feca55a0d4c14ff48fb563ccc009c3cd_20470/preview_video_talk_4.mp4
Trevor_public_20240409,Trevor in Suit,male,https://files2.heygen.ai/avatar/v3/00d3b6f510e54748a7e1160a2ac6ab72_20470/preview_talk_3.webp,https://files2.heygen.ai/avatar/v3/00d3b6f510e54748a7e1160a2ac6ab72_20470/preview_video_talk_3.mp4
Tuba_Business_Chair_Front_public,Tuba Business Chair Front,female,https://files2.heygen.ai/avatar/v3/cb54e51ab5d14f7486183f8134d2d7bc_42280/preview_target.webp,https://files2.heygen.ai/avatar/v3/cb54e51ab5d14f7486183f8134d2d7bc_42280/preview_video_target.mp4
Tuba_Business_Chair_Side_public,Tuba Business Chair Side,female,https://files2.heygen.ai/avatar/v3/4f3f441889d142048906647bdfb47fb2_42360/preview_talk_1.webp,https://files2.heygen.ai/avatar/v3/4f3f441889d142048906647bdfb47fb2_42360/preview_video_talk_1.mp4
Tuba_Business_Front_public,Tuba Business Front,female,https://files2.heygen.ai/avatar/v3/bf44d8896af14612bace5a4b0fe5418d_42270/preview_talk_2.webp,https://files2.heygen.ai/avatar/v3/bf44d8896af14612bace5a4b0fe5418d_42270/preview_video_talk_2.mp4
Tuba_Business_Side_public,Tuba Business Side,female,https://files2.heygen.ai/avatar/v3/e730fc5471e041e8af66b2af6d4e9674_42280/preview_talk_3.webp,https://files2.heygen.ai/avatar/v3/e730fc5471e041e8af66b2af6d4e9674_42280/preview_video_talk_3.mp4
Tuba_Business_Sofa_Front_public,Tuba Business Sofa Front,female,https://files2.heygen.ai/avatar/v3/d2351661ad9544fe96a6f3f7c7d28523_42360/preview_talk_2.webp,https://files2.heygen.ai/avatar/v3/d2351661ad9544fe96a6f3f7c7d28523_42360/preview_video_talk_2.mp4
Tuba_Business_Sofa_Side_public,Tuba Business Sofa Side,female,https://files2.heygen.ai/avatar/v3/7211da1532624ba0a733e7830baebe1d_42370/preview_talk_1.webp,https://files2.heygen.ai/avatar/v3/7211da1532624ba0a733e7830baebe1d_42370/preview_video_talk_1.mp4
Tuba_Casual_Sitting_Front_public,Tuba Casual Sitting Front,female,https://files2.heygen.ai/avatar/v3/26ecd21683704123a9d439488b47e151_42360/preview_target.webp,https://files2.heygen.ai/avatar/v3/26ecd21683704123a9d439488b47e151_42360/preview_video_target.mp4
Tuba_Casual_Sitting_Side_public,Tuba Casual Sitting Side,female,https://files2.heygen.ai/avatar/v3/954d5769b5a5406590cc6ec8f118ed3d_42370/preview_target.webp,https://files2.heygen.ai/avatar/v3/954d5769b5a5406590cc6ec8f118ed3d_42370/preview_video_target.mp4
Tuba_Macbook_Front_public,Tuba Macbook Front,female,https://files2.heygen.ai/avatar/v3/60f07a8f4c874797b63e55413fb4c6d4_42270/preview_target.webp,https://files2.heygen.ai/avatar/v3/60f07a8f4c874797b63e55413fb4c6d4_42270/preview_video_target.mp4
Tuba_Macbook_Side_public,Tuba Macbook Side,female,https://files2.heygen.ai/avatar/v3/9e720ab0f4fe4876af12b1119fa881c9_42280/preview_talk_1.webp,https://files2.heygen.ai/avatar/v3/9e720ab0f4fe4876af12b1119fa881c9_42280/preview_video_talk_1.mp4
Wade_public_3_20240228,Wade in Gray Jacket,male,https://files2.heygen.ai/avatar/v3/413a17b67fd448e8928bd4e598d1e8c6_15204/preview_talk_4.webp,https://files2.heygen.ai/avatar/v3/413a17b67fd448e8928bd4e598d1e8c6_15204/preview_video_talk_4.mp4
Yola_Active_Speaking_Front_public,Yola Active Speaking Front,female,https://files2.heygen.ai/avatar/v3/c427c8f4a1764b388a867c026b6e593f_43200/preview_talk_3.webp,https://files2.heygen.ai/avatar/v3/c427c8f4a1764b388a867c026b6e593f_43200/preview_video_talk_3.mp4
Yola_Active_Speaking_Side_public,Yola Active Speaking Side,female,https://files2.heygen.ai/avatar/v3/9b69ce1846d2455abc4b055d621cb813_43210/preview_talk_5.webp,https://files2.heygen.ai/avatar/v3/9b69ce1846d2455abc4b055d621cb813_43210/preview_video_talk_5.mp4
Yola_Business_Front_public,Yola Business Front,female,https://files2.heygen.ai/avatar/v3/4be4a55f70ac455e8938d0614725a667_43200/preview_talk_7.webp,https://files2.heygen.ai/avatar/v3/4be4a55f70ac455e8938d0614725a667_43200/preview_video_talk_7.mp4
Yola_Business_Side_public,Yola Business Side,female,https://files2.heygen.ai/avatar/v3/00cc713cf40642d2a2c2bf19079206ba_43210/preview_talk_8.webp,https://files2.heygen.ai/avatar/v3/00cc713cf40642d2a2c2bf19079206ba_43210/preview_video_talk_8.mp4
Yola_Calm_Speaking_Front_public,Yola Calm Speaking Front,female,https://files2.heygen.ai/avatar/v3/8287215eba254997af78eb66d9b95e2d_43200/preview_talk_2.webp,https://files2.heygen.ai/avatar/v3/8287215eba254997af78eb66d9b95e2d_43200/preview_video_talk_2.mp4
Yola_Calm_Speaking_Side_public,Yola Calm Speaking Side,female,https://files2.heygen.ai/avatar/v3/db021f1343a04ed3b818268268948ae4_43210/preview_talk_3.webp,https://files2.heygen.ai/avatar/v3/db021f1343a04ed3b818268268948ae4_43210/preview_video_talk_3.mp4
Yola_Casual_Front_public,Yola Casual Front,female,https://files2.heygen.ai/avatar/v3/4bc8ef5ac61446faa6c540f0eb39f6f3_43200/preview_target.webp,https://files2.heygen.ai/avatar/v3/4bc8ef5ac61446faa6c540f0eb39f6f3_43200/preview_video_target.mp4
Yola_Casual_Side_public,Yola Casual Side,female,https://files2.heygen.ai/avatar/v3/859dc28cba1c422a9171ffd6dece244c_43210/preview_target.webp,https://files2.heygen.ai/avatar/v3/859dc28cba1c422a9171ffd6dece244c_43210/preview_video_target.mp4
Yola_Employee_Badge_Front_public,Yola Employee Badge Front,female,https://files2.heygen.ai/avatar/v3/6c581c410603496f8a150f706fc97754_43200/preview_talk_5.webp,https://files2.heygen.ai/avatar/v3/6c581c410603496f8a150f706fc97754_43200/preview_video_talk_5.mp4
Yola_Employee_Badge_Side_public,Yola Employee Badge Side,female,https://files2.heygen.ai/avatar/v3/1fe0ee28343e4bcfa560003f3ad3faf1_43210/preview_talk_6.webp,https://files2.heygen.ai/avatar/v3/1fe0ee28343e4bcfa560003f3ad3faf1_43210/preview_video_talk_6.mp4
Angela-incasualsuit-20220820,Angela in Casual Suit,female,https://files2.heygen.ai/avatar/v3/ea88b771cefb402881e009b8fb597e91_1046/preview_target.webp,https://files2.heygen.ai/avatar/v3/ea88b771cefb402881e009b8fb597e91_1046/preview_video_target.mp4
Daisy-insuit-20220818,Daisy in Suit,female,https://files2.heygen.ai/avatar/v3/d99ba541a2c9413b941fa7efe90a1130_1059/preview_target.webp,https://files2.heygen.ai/avatar/v3/d99ba541a2c9413b941fa7efe90a1130_1059/preview_video_target.mp4
liza_a0015,Eva in Shirt,female,https://files2.heygen.ai/avatar/v3/4f291a0f853d457490e4c416602f397e_14235/preview_talk_1.webp,https://files2.heygen.ai/avatar/v3/4f291a0f853d457490e4c416602f397e_14235/preview_video_talk_1.mp4
Jake-insuit-20220721,Jake in Suit,male,https://files2.heygen.ai/avatar/v3/2fe505d2f4f546b7addd4fa083149284_1060/preview_talk_3.webp,https://files2.heygen.ai/avatar/v3/2fe505d2f4f546b7addd4fa083149284_1060/preview_video_talk_3.mp4
Jeff-insuit-20220722,Jeff in Suit,male,https://files2.heygen.ai/avatar/v3/a43b84ae994d4776a64aba7dc40ad9c9_1126/preview_talk_1.webp,https://files2.heygen.ai/avatar/v3/a43b84ae994d4776a64aba7dc40ad9c9_1126/preview_video_talk_1.mp4
Jerome-insuit-20220722,Jerome in Suit,male,https://files2.heygen.ai/avatar/v3/c8be708fbb584612a675415427869efb_14266/preview_talk_3.webp,https://files2.heygen.ai/avatar/v3/c8be708fbb584612a675415427869efb_14266/preview_video_talk_3.mp4
Joon-insuit-20220821,Joon in Suit,male,https://files2.heygen.ai/avatar/v3/2b0a7dffb0ee4eedbc9da0ee41c79a76_14268/preview_talk_4.webp,https://files2.heygen.ai/avatar/v3/2b0a7dffb0ee4eedbc9da0ee41c79a76_14268/preview_video_talk_4.mp4
Kayla-insuit-20220819,Kayla in Suit,female,https://files2.heygen.ai/avatar/v3/bf83f0f830794d90b509ba6524962e05_1079/preview_target.webp,https://files2.heygen.ai/avatar/v3/bf83f0f830794d90b509ba6524962e05_1079/preview_video_target.mp4
Kent-insuit-20220728,Kent in Suit,male,https://files2.heygen.ai/avatar/v3/495980f1e977459f9f85daefd8c93a6d_14267/preview_talk_3.webp,https://files2.heygen.ai/avatar/v3/495980f1e977459f9f85daefd8c93a6d_14267/preview_video_talk_3.mp4
Luna-whitedress-20220530,Luna in Jacket,female,https://files2.heygen.ai/avatar/v3/e9b5597abb004b2eb29eaea4ccc80f83_1493/preview_target.webp,https://files2.heygen.ai/avatar/v3/e9b5597abb004b2eb29eaea4ccc80f83_1493/preview_video_target.mp4
Mark-stripedshirt-202200530,Mark in T-shirt,male,https://files2.heygen.ai/avatar/v3/ff904fb4c1fa463b95ed26b56e114ce6_1437/preview_talk_2.webp,https://files2.heygen.ai/avatar/v3/ff904fb4c1fa463b95ed26b56e114ce6_1437/preview_video_talk_2.mp4
Mido-pro-greysweater-20221209,Matthew in Grey Sweater,male,https://files2.heygen.ai/avatar/v3/a0620cb143784340af00d5c9c36605c1_1430/preview_talk_2.webp,https://files2.heygen.ai/avatar/v3/a0620cb143784340af00d5c9c36605c1_1430/preview_video_talk_2.mp4
Monica_inTskirt_20220819,Monica in Pink Shirt,female,https://files2.heygen.ai/avatar/v3/1c4fa9e9940848748af2cb79f577166d_1085/preview_talk_10.webp,https://files2.heygen.ai/avatar/v3/1c4fa9e9940848748af2cb79f577166d_1085/preview_video_talk_10.mp4
Peter-blueshirtfullbody-20220608,Peter in Suit - Fullbody,male,https://files2.heygen.ai/avatar/v3/66bf19f5623a4f86a9bc9717c4d635c3_1483/preview_talk_2.webp,https://files2.heygen.ai/avatar/v3/66bf19f5623a4f86a9bc9717c4d635c3_1483/preview_video_talk_2.mp4
Seline-redabaya-20220608,Selina in Hijab Red,female,https://files2.heygen.ai/avatar/v3/4f9bfb159e6542a98db58100b6b7fb21_1460/preview_talk_2.webp,https://files2.heygen.ai/avatar/v3/4f9bfb159e6542a98db58100b6b7fb21_1460/preview_video_talk_2.mp4
Thomas-whitepolofullbody-20220530,Thomas in T-shirt,male,https://files2.heygen.ai/avatar/v3/7990225acbd24311957170f40f8fe2ac_1415/preview_talk_2.webp,https://files2.heygen.ai/avatar/v3/7990225acbd24311957170f40f8fe2ac_1415/preview_video_talk_2.mp4
Tyler-insuit-20220721,Tyler in Suit,male,https://files2.heygen.ai/avatar/v3/79b245561ad448e796b7e77cd2773d0b_14263/preview_talk_5.webp,https://files2.heygen.ai/avatar/v3/79b245561ad448e796b7e77cd2773d0b_14263/preview_video_talk_5.mp4
Vanessa-insuit-20220722,Vanessa in Suit,female,https://files2.heygen.ai/avatar/v3/93649b8ef2764e1da827dbd1d34967e3_1115/preview_talk_2.webp,https://files2.heygen.ai/avatar/v3/93649b8ef2764e1da827dbd1d34967e3_1115/preview_video_talk_2.mp4
Zoey-inhoodie-20220816,Zoey in Hoodie,female,https://files2.heygen.ai/avatar/v3/f1ac9458a4cb49bea6d80a8e54eea24a_1113/preview_talk_8.webp,https://files2.heygen.ai/avatar/v3/f1ac9458a4cb49bea6d80a8e54eea24a_1113/preview_video_talk_8.mp4
